,SK_ID_PREV,SK_ID_CURR,NAME_CONTRACT_TYPE,AMT_ANNUITY,AMT_APPLICATION,AMT_CREDIT,AMT_DOWN_PAYMENT,AMT_GOODS_PRICE,WEEKDAY_APPR_PROCESS_START,HOUR_APPR_PROCESS_START,FLAG_LAST_APPL_PER_CONTRACT,NFLAG_LAST_APPL_IN_DAY,RATE_DOWN_PAYMENT,RATE_INTEREST_PRIMARY,RATE_INTEREST_PRIVILEGED,NAME_CASH_LOAN_PURPOSE,NAME_CONTRACT_STATUS,DAYS_DECISION,NAME_PAYMENT_TYPE,CODE_REJECT_REASON,NAME_TYPE_SUITE,NAME_CLIENT_TYPE,NAME_GOODS_CATEGORY,NAME_PORTFOLIO,NAME_PRODUCT_TYPE,CHANNEL_TYPE,SELLERPLACE_AREA,NAME_SELLER_INDUSTRY,CNT_PAYMENT,NAME_YIELD_GROUP,PRODUCT_COMBINATION,DAYS_FIRST_DRAWING,DAYS_FIRST_DUE,DAYS_LAST_DUE_1ST_VERSION,DAYS_LAST_DUE,DAYS_TERMINATION,NFLAG_INSURED_ON_APPROVAL
597719,1661530,101067,Consumer loans,12448.935,124200.0,138168.0,0.0,124200.0,WEDNESDAY,11,Y,1,0.0,,,XAP,Approved,-930,Cash through the bank,XAP,Family,New,Consumer Electronics,POS,XNA,Country-wide,2929,Consumer electronics,12.0,low_action,POS household without interest,365243.0,-899.0,-569.0,-569.0,-562.0,0.0
707406,1351940,101067,Cash loans,45324.765,1125000.0,1223010.0,,1125000.0,FRIDAY,9,Y,1,,,,XNA,Refused,-788,Cash through the bank,LIMIT,Unaccompanied,Repeater,XNA,Cash,walk-in,Credit and cash offices,-1,XNA,36.0,low_action,Cash Street: low,,,,,,
683095,2163456,101067,Cash loans,50727.51,900000.0,952272.0,,900000.0,SATURDAY,5,Y,1,,,,XNA,Refused,-787,Cash through the bank,LIMIT,"Spouse, partner",Repeater,XNA,Cash,walk-in,Credit and cash offices,-1,XNA,24.0,low_normal,Cash Street: low,,,,,,
1440302,2717345,101067,Cash loans,39720.87,405000.0,433066.5,,405000.0,SATURDAY,5,Y,1,,,,XNA,Approved,-787,Cash through the bank,XAP,"Spouse, partner",Repeater,XNA,Cash,x-sell,Credit and cash offices,-1,XNA,18.0,high,Cash X-Sell: high,365243.0,-757.0,-247.0,-397.0,-387.0,1.0
3681,1356683,101067,Revolving loans,11250.0,0.0,315000.0,,,SATURDAY,9,N,0,,,,XAP,Refused,-773,XNA,SCO,,Repeater,XNA,Cards,x-sell,Contact center,-1,XNA,0.0,XNA,Card X-Sell,,,,,,
774936,2460196,101067,Revolving loans,11250.0,0.0,225000.0,,,SATURDAY,9,Y,1,,,,XAP,Refused,-773,XNA,SCO,,Repeater,XNA,Cards,x-sell,Contact center,-1,XNA,0.0,XNA,Card X-Sell,,,,,,
1362895,1614299,101067,Cash loans,17079.255,135000.0,143910.0,,135000.0,THURSDAY,15,Y,1,,,,Other,Approved,-544,XNA,XAP,,Repeater,XNA,Cash,walk-in,Contact center,-1,XNA,12.0,high,Cash Street: high,365243.0,-514.0,-184.0,-184.0,-177.0,0.0
333642,1023605,101067,Cash loans,40563.27,360000.0,376632.0,,360000.0,FRIDAY,9,Y,1,,,,Everyday expenses,Approved,-501,XNA,XAP,,Repeater,XNA,Cash,walk-in,Contact center,-1,XNA,12.0,middle,Cash Street: middle,365243.0,-468.0,-138.0,-138.0,-135.0,0.0
1565779,2295673,101067,Consumer loans,,119155.5,119155.5,0.0,119155.5,SUNDAY,7,Y,1,0.0,,,XAP,Unused offer,-471,Cash through the bank,CLIENT,,Repeater,Mobile,XNA,XNA,Country-wide,40,Connectivity,,XNA,POS mobile with interest,,,,,,
382069,1879379,101067,Cash loans,87964.695,2668500.0,2953818.0,,2668500.0,THURSDAY,10,Y,1,,,,Repairs,Refused,-453,Cash through the bank,LIMIT,,Repeater,XNA,Cash,walk-in,Credit and cash offices,-1,XNA,54.0,low_normal,Cash Street: low,,,,,,
1440301,1300652,101067,Cash loans,93453.21,2835000.0,3138120.0,,2835000.0,THURSDAY,10,Y,1,,,,Repairs,Refused,-453,Cash through the bank,LIMIT,,Repeater,XNA,Cash,walk-in,Credit and cash offices,-1,XNA,54.0,low_normal,Cash Street: low,,,,,,
1140246,2655915,101067,Cash loans,22772.34,180000.0,191880.0,,180000.0,SATURDAY,10,Y,1,,,,Everyday expenses,Refused,-360,XNA,HC,,Repeater,XNA,Cash,walk-in,Contact center,-1,XNA,12.0,high,Cash Street: high,,,,,,
406146,1980346,101067,Cash loans,49618.71,270000.0,277308.0,,270000.0,WEDNESDAY,4,Y,1,,,,XNA,Refused,-139,Cash through the bank,HC,Unaccompanied,Repeater,XNA,Cash,x-sell,Credit and cash offices,-1,XNA,6.0,low_normal,Cash X-Sell: low,,,,,,
938490,2772027,101067,Cash loans,,0.0,0.0,,,WEDNESDAY,4,Y,1,,,,XNA,Canceled,-139,XNA,XAP,,Repeater,XNA,XNA,XNA,Credit and cash offices,-1,XNA,,XNA,Cash,,,,,,
210588,2772283,101067,Cash loans,,0.0,0.0,,,MONDAY,7,Y,1,,,,XNA,Canceled,-92,XNA,XAP,,Repeater,XNA,XNA,XNA,Credit and cash offices,-1,XNA,,XNA,Cash,,,,,,
1106680,1879645,101067,Cash loans,24712.38,234000.0,261589.5,,234000.0,MONDAY,7,Y,1,,,,Building a house or an annex,Canceled,-92,Cash through the bank,XAP,Unaccompanied,Repeater,XNA,Cash,walk-in,Credit and cash offices,-1,XNA,12.0,low_normal,Cash Street: low,,,,,,
108449,2505693,101067,Consumer loans,32702.625,354330.0,318897.0,35433.0,354330.0,WEDNESDAY,8,Y,1,0.1089090909090909,,,XAP,Refused,-55,Cash through the bank,SCO,,Repeater,Construction Materials,POS,XNA,Stone,21,Construction,12.0,middle,POS industry with interest,,,,,,
135164,1669103,107321,Consumer loans,2943.18,26955.0,23458.5,8086.5,26955.0,SATURDAY,11,Y,1,0.2791863571521202,,,XAP,Approved,-1473,Cash through the bank,XAP,"Spouse, partner",New,Mobile,POS,XNA,Country-wide,21,Connectivity,12.0,high,POS mobile with interest,365243.0,-1442.0,-1112.0,-1232.0,-1227.0,0.0
3674,2359551,107321,Revolving loans,11250.0,0.0,225000.0,,,FRIDAY,10,N,1,,,,XAP,Refused,-1152,XNA,VERIF,,Repeater,XNA,Cards,x-sell,Contact center,-1,XNA,0.0,XNA,Card X-Sell,,,,,,
1119442,1428503,107321,Revolving loans,13500.0,0.0,270000.0,,,THURSDAY,11,Y,1,,,,XAP,Refused,-1013,XNA,XNA,,Repeater,XNA,Cards,x-sell,Contact center,-1,XNA,0.0,XNA,Card X-Sell,,,,,,
1338125,1718180,107321,Consumer loans,4544.325,21327.975,17055.0,4272.975,21327.975,FRIDAY,10,Y,1,0.2181950338591791,,,XAP,Approved,-879,Cash through the bank,XAP,,Repeater,Mobile,POS,XNA,Country-wide,65,Connectivity,4.0,middle,POS mobile without interest,365243.0,-837.0,-747.0,-747.0,-734.0,0.0
849974,2659047,107321,Revolving loans,16875.0,0.0,337500.0,,,THURSDAY,13,Y,1,,,,XAP,Approved,-775,XNA,XAP,,Repeater,XNA,Cards,x-sell,Credit and cash offices,-1,XNA,0.0,XNA,Card X-Sell,365243.0,365243.0,365243.0,365243.0,-154.0,0.0
1210999,1718846,107321,Cash loans,33868.17,679500.0,749461.5,,679500.0,THURSDAY,14,Y,1,,,,XNA,Approved,-558,Cash through the bank,XAP,,Repeater,XNA,Cash,x-sell,Credit and cash offices,-1,XNA,36.0,middle,Cash X-Sell: middle,365243.0,-528.0,522.0,-288.0,-282.0,1.0
560817,2285540,107321,Cash loans,22853.79,225000.0,337824.0,,225000.0,MONDAY,14,Y,1,,,,Medicine,Refused,-470,Cash through the bank,LIMIT,,Repeater,XNA,Cash,walk-in,Credit and cash offices,-1,XNA,36.0,high,Cash Street: high,,,,,,
258292,1138080,107321,Cash loans,13712.535,135000.0,202698.0,,135000.0,WEDNESDAY,12,Y,1,,,,Medicine,Refused,-468,Cash through the bank,LIMIT,,Repeater,XNA,Cash,walk-in,Credit and cash offices,-1,XNA,36.0,high,Cash Street: high,,,,,,
683632,1476225,107321,Cash loans,9141.255,90000.0,135126.0,,90000.0,WEDNESDAY,13,Y,1,,,,Medicine,Refused,-468,Cash through the bank,LIMIT,,Repeater,XNA,Cash,walk-in,Credit and cash offices,-1,XNA,36.0,high,Cash Street: high,,,,,,
1171342,1724879,107321,Cash loans,,0.0,0.0,,,WEDNESDAY,11,Y,1,,,,XNA,Canceled,-349,XNA,XAP,,Repeater,XNA,XNA,XNA,Credit and cash offices,-1,XNA,,XNA,Cash,,,,,,
1211000,2259051,107321,Cash loans,25729.245,270000.0,353569.5,,270000.0,WEDNESDAY,11,Y,1,,,,XNA,Approved,-349,Cash through the bank,XAP,Unaccompanied,Repeater,XNA,Cash,x-sell,Credit and cash offices,-1,XNA,24.0,high,Cash X-Sell: high,365243.0,-319.0,371.0,365243.0,365243.0,1.0
655535,2389608,107321,Consumer loans,12655.71,98955.0,107662.5,0.0,98955.0,WEDNESDAY,12,Y,1,0.0,,,XAP,Refused,-293,Cash through the bank,HC,Family,Repeater,Consumer Electronics,POS,XNA,Stone,146,Consumer electronics,10.0,middle,POS household with interest,,,,,,
625182,1596749,107321,Revolving loans,,0.0,0.0,,,WEDNESDAY,11,Y,1,,,,XAP,Canceled,-97,XNA,XAP,,Repeater,XNA,XNA,XNA,Credit and cash offices,-1,XNA,,XNA,Card Street,,,,,,
683388,2473645,107321,Cash loans,,0.0,0.0,,,WEDNESDAY,10,Y,1,,,,XNA,Canceled,-97,XNA,XAP,,Repeater,XNA,XNA,XNA,Credit and cash offices,-1,XNA,,XNA,Cash,,,,,,
742887,1596748,107321,Revolving loans,,0.0,0.0,,,WEDNESDAY,11,Y,1,,,,XAP,Canceled,-97,XNA,XAP,,Repeater,XNA,XNA,XNA,Credit and cash offices,-1,XNA,,XNA,Card Street,,,,,,
1210998,2790472,107321,Revolving loans,0.0,0.0,0.0,,0.0,WEDNESDAY,11,Y,1,,,,XAP,Approved,-97,XNA,XAP,Unaccompanied,Repeater,XNA,Cards,walk-in,Credit and cash offices,-1,XNA,0.0,XNA,Card Street,365243.0,365243.0,365243.0,365243.0,365243.0,0.0
1656058,2470785,107321,Revolving loans,2250.0,45000.0,45000.0,,45000.0,WEDNESDAY,11,Y,1,,,,XAP,Refused,-97,XNA,LIMIT,Unaccompanied,Repeater,XNA,Cards,walk-in,Credit and cash offices,-1,XNA,0.0,XNA,Card Street,,,,,,
1403922,2706346,129084,Consumer loans,14403.825,121455.0,120132.0,12145.5,121455.0,TUESDAY,7,Y,1,0.0999985155174813,,,XAP,Approved,-1051,Cash through the bank,XAP,"Spouse, partner",New,Mobile,POS,XNA,Stone,149,Connectivity,12.0,high,POS mobile with interest,365243.0,-1020.0,-690.0,-690.0,-673.0,0.0
307207,1044055,129084,Cash loans,17354.79,315000.0,383193.0,,315000.0,SATURDAY,7,Y,1,,,,XNA,Refused,-851,Cash through the bank,HC,Unaccompanied,Repeater,XNA,Cash,x-sell,Credit and cash offices,-1,XNA,48.0,middle,Cash X-Sell: middle,,,,,,
3669,2786977,129084,Revolving loans,11250.0,0.0,450000.0,,,WEDNESDAY,6,N,0,,,,XAP,Refused,-826,XNA,HC,,Repeater,XNA,Cards,x-sell,Contact center,-1,XNA,0.0,XNA,Card X-Sell,,,,,,
26855,2699852,129084,Revolving loans,11250.0,0.0,225000.0,,,WEDNESDAY,6,Y,1,,,,XAP,Refused,-826,XNA,HC,,Repeater,XNA,Cards,x-sell,Contact center,-1,XNA,0.0,XNA,Card X-Sell,,,,,,
208900,2460655,129084,Cash loans,,0.0,0.0,,,SATURDAY,2,Y,1,,,,XNA,Refused,-151,XNA,HC,,Repeater,XNA,XNA,XNA,Contact center,-1,XNA,,XNA,Cash,,,,,,
1402188,1440523,136983,Cash loans,24396.75,315000.0,315000.0,,315000.0,THURSDAY,14,Y,1,,,,XNA,Approved,-783,Cash through the bank,XAP,Unaccompanied,Refreshed,XNA,Cash,walk-in,Channel of corporate sales,-1,XNA,18.0,middle,Cash Street: middle,365243.0,-752.0,-242.0,-558.0,-549.0,0.0
2806,1627033,136983,Revolving loans,9000.0,0.0,450000.0,,,MONDAY,12,N,0,,,,XAP,Refused,-345,XNA,LIMIT,,Repeater,XNA,Cards,x-sell,Channel of corporate sales,-1,XNA,0.0,XNA,Card X-Sell,,,,,,
60942,1764847,136983,Revolving loans,9000.0,0.0,180000.0,,,MONDAY,12,Y,1,,,,XAP,Approved,-345,XNA,XAP,,Repeater,XNA,Cards,x-sell,Channel of corporate sales,-1,XNA,0.0,XNA,Card X-Sell,-343.0,-309.0,365243.0,-278.0,365243.0,0.0
509709,2133175,136983,Revolving loans,9000.0,0.0,900000.0,,,MONDAY,12,N,0,,,,XAP,Refused,-345,XNA,LIMIT,,Repeater,XNA,Cards,x-sell,Channel of corporate sales,-1,XNA,0.0,XNA,Card X-Sell,,,,,,
603651,1119438,136983,Revolving loans,9000.0,0.0,675000.0,,,MONDAY,12,N,0,,,,XAP,Refused,-345,XNA,LIMIT,,Repeater,XNA,Cards,x-sell,Channel of corporate sales,-1,XNA,0.0,XNA,Card X-Sell,,,,,,
534158,1756318,136983,Cash loans,,0.0,0.0,,,SATURDAY,11,Y,1,,,,XNA,Canceled,-256,XNA,XAP,,Repeater,XNA,XNA,XNA,Credit and cash offices,-1,XNA,,XNA,Cash,,,,,,
1147491,1470944,136983,Cash loans,,0.0,0.0,,,MONDAY,16,Y,1,,,,XNA,Canceled,-107,XNA,XAP,,Repeater,XNA,XNA,XNA,Credit and cash offices,-1,XNA,,XNA,Cash,,,,,,
824699,2572931,148658,Consumer loans,10199.475,97110.0,87399.0,9711.0,97110.0,MONDAY,18,Y,1,0.1089090909090909,,,XAP,Approved,-759,XNA,XAP,Family,New,Consumer Electronics,POS,XNA,Regional / Local,1000,Consumer electronics,10.0,middle,POS household with interest,365243.0,-725.0,-455.0,-455.0,-452.0,0.0
468,2470545,148658,Revolving loans,7875.0,0.0,157500.0,,,FRIDAY,9,N,1,,,,XAP,Refused,-419,XNA,HC,,Repeater,XNA,Cards,x-sell,AP+ (Cash loan),4,XNA,0.0,XNA,Card X-Sell,,,,,,
783886,2799207,148658,Revolving loans,7875.0,0.0,450000.0,,,FRIDAY,9,N,0,,,,XAP,Refused,-419,XNA,HC,,Repeater,XNA,Cards,x-sell,AP+ (Cash loan),4,XNA,0.0,XNA,Card X-Sell,,,,,,
1473230,2628241,148658,Cash loans,9934.785,67500.0,82611.0,,67500.0,FRIDAY,9,Y,1,,,,XNA,Approved,-419,Cash through the bank,XAP,,Repeater,XNA,Cash,x-sell,AP+ (Cash loan),4,XNA,12.0,high,Cash X-Sell: high,365243.0,-389.0,-59.0,-299.0,-291.0,1.0
706513,1755207,148658,Cash loans,,0.0,0.0,,,THURSDAY,11,Y,1,,,,XNA,Canceled,-175,XNA,XAP,,Repeater,XNA,XNA,XNA,AP+ (Cash loan),4,XNA,,XNA,Cash,,,,,,
532530,1287298,163616,Consumer loans,4417.605,30591.0,33115.5,0.0,30591.0,SATURDAY,13,Y,1,0.0,,,XAP,Approved,-2711,Cash through the bank,XAP,Family,New,Mobile,POS,XNA,Country-wide,72,Connectivity,10.0,high,POS mobile with interest,365243.0,-2680.0,-2410.0,-2410.0,-2402.0,1.0
1942,2420703,163616,Revolving loans,7875.0,0.0,180000.0,,,MONDAY,16,N,0,,,,XAP,Refused,-2513,XNA,XNA,,Repeater,XNA,Cards,x-sell,Country-wide,72,Connectivity,0.0,XNA,Card Street,,,,,,
690218,2631285,163616,Revolving loans,7875.0,0.0,157500.0,,,MONDAY,16,Y,1,,,,XAP,Approved,-2513,XNA,XAP,,Repeater,XNA,Cards,x-sell,Country-wide,72,Connectivity,0.0,XNA,Card Street,-2510.0,-2454.0,365243.0,-993.0,365243.0,0.0
1398346,1978854,163616,Consumer loans,4384.035,24255.0,22905.0,2430.0,24255.0,WEDNESDAY,15,Y,1,0.1044598740513483,,,XAP,Approved,-1307,Cash through the bank,XAP,Unaccompanied,Repeater,Consumer Electronics,POS,XNA,Stone,50,Consumer electronics,6.0,middle,POS household with interest,365243.0,-1269.0,-1119.0,-1119.0,-1114.0,0.0
1039165,1787074,163616,Cash loans,8513.1,202500.0,202500.0,,202500.0,WEDNESDAY,10,Y,1,,,,XNA,Approved,-1062,Cash through the bank,XAP,Unaccompanied,Repeater,XNA,Cash,x-sell,AP+ (Cash loan),72,XNA,48.0,middle,Cash X-Sell: middle,365243.0,-1032.0,378.0,365243.0,365243.0,0.0
268721,2187378,163616,Consumer loans,7093.485,63855.0,70596.0,0.0,63855.0,SUNDAY,11,Y,1,0.0,,,XAP,Refused,-981,Cash through the bank,LIMIT,Unaccompanied,Repeater,Consumer Electronics,POS,XNA,Stone,50,Consumer electronics,12.0,middle,POS household with interest,,,,,,
227724,1546641,185661,Consumer loans,6563.835,131521.5,140854.5,13945.5,131521.5,FRIDAY,12,Y,1,0.0981131606765327,,,XAP,Approved,-2690,Cash through the bank,XAP,Unaccompanied,Repeater,Audio/Video,POS,XNA,Country-wide,-1,Consumer electronics,24.0,low_action,POS household without interest,365243.0,-2659.0,-1969.0,-1999.0,-1995.0,1.0
277,2770539,185661,Revolving loans,6750.0,0.0,180000.0,,,THURSDAY,11,N,0,,,,XAP,Refused,-2621,XNA,XNA,,Repeater,XNA,Cards,x-sell,Country-wide,2024,Consumer electronics,0.0,XNA,Card Street,,,,,,
1216415,2229583,185661,Revolving loans,6750.0,0.0,135000.0,,,THURSDAY,12,Y,1,,,,XAP,Approved,-2621,XNA,XAP,,Repeater,XNA,Cards,x-sell,Country-wide,2024,Consumer electronics,0.0,XNA,Card Street,-2620.0,-2564.0,365243.0,-1651.0,-19.0,0.0
348373,2318645,185661,Consumer loans,27447.255,258039.0,247050.0,25807.5,258039.0,THURSDAY,9,Y,1,0.1030087633155167,,,XAP,Approved,-1963,Cash through the bank,XAP,"Spouse, partner",Repeater,Construction Materials,POS,XNA,Stone,30,Construction,10.0,low_normal,POS industry with interest,365243.0,-1926.0,-1656.0,-1716.0,-1708.0,0.0
164099,2046119,185661,Consumer loans,19172.925,425592.0,425592.0,0.0,425592.0,TUESDAY,8,Y,1,0.0,,,XAP,Approved,-908,Cash through the bank,XAP,Unaccompanied,Repeater,Audio/Video,POS,XNA,Country-wide,1200,Consumer electronics,24.0,low_action,POS household without interest,,,,,,
1495154,2235905,185661,Consumer loans,19275.075,425592.0,425592.0,0.0,425592.0,TUESDAY,10,Y,1,0.0,,,XAP,Approved,-908,Cash through the bank,XAP,Unaccompanied,Repeater,Audio/Video,POS,XNA,Country-wide,1200,Consumer electronics,24.0,low_action,POS household without interest,365243.0,-877.0,-187.0,-487.0,-483.0,0.0
1607655,2306609,185661,Cash loans,55472.535,1147500.0,1230808.5,,1147500.0,SATURDAY,8,Y,1,,,,XNA,Approved,-862,Cash through the bank,XAP,Unaccompanied,Repeater,XNA,Cash,x-sell,Credit and cash offices,-1,XNA,30.0,low_normal,Cash X-Sell: low,365243.0,-832.0,38.0,-172.0,-168.0,1.0
131641,1340667,185661,Consumer loans,,0.0,0.0,,,TUESDAY,15,Y,1,,,,XAP,Canceled,-509,XNA,XAP,,Repeater,XNA,XNA,XNA,Credit and cash offices,-1,XNA,,XNA,POS other with interest,,,,,,
355288,2256311,185661,Cash loans,45517.815,1129500.0,1344294.0,,1129500.0,TUESDAY,15,Y,1,,,,XNA,Approved,-509,Cash through the bank,XAP,,Repeater,XNA,Cash,x-sell,Credit and cash offices,-1,XNA,54.0,low_normal,Cash X-Sell: low,365243.0,-479.0,1111.0,365243.0,365243.0,1.0
442102,1756474,191514,Consumer loans,13718.88,121036.5,133816.5,0.0,121036.5,THURSDAY,13,Y,1,0.0,,,XAP,Approved,-964,Cash through the bank,XAP,Other_B,New,Computers,POS,XNA,Country-wide,650,Consumer electronics,12.0,middle,POS household with interest,365243.0,-932.0,-602.0,-632.0,-624.0,0.0
618572,1299376,191514,Cash loans,10641.825,112500.0,134689.5,,112500.0,SUNDAY,10,Y,1,,,,XNA,Refused,-821,Cash through the bank,HC,Unaccompanied,Repeater,XNA,Cash,x-sell,Credit and cash offices,-1,XNA,24.0,high,Cash X-Sell: high,,,,,,
3461,2355421,191514,Revolving loans,22500.0,0.0,450000.0,,,SUNDAY,12,N,1,,,,XAP,Refused,-772,XNA,HC,,Repeater,XNA,Cards,x-sell,Contact center,-1,XNA,0.0,XNA,Card X-Sell,,,,,,
474846,2454993,191514,Revolving loans,22500.0,0.0,450000.0,,,WEDNESDAY,13,N,1,,,,XAP,Refused,-720,XNA,HC,,Repeater,XNA,Cards,x-sell,Credit and cash offices,-1,XNA,0.0,XNA,Card X-Sell,,,,,,
544881,1709580,191514,Revolving loans,6750.0,135000.0,135000.0,,135000.0,SUNDAY,10,Y,1,,,,XAP,Refused,-667,XNA,HC,,Repeater,XNA,Cards,walk-in,Credit and cash offices,-1,XNA,0.0,XNA,Card Street,,,,,,
581335,1530420,191514,Revolving loans,11250.0,225000.0,225000.0,,225000.0,SUNDAY,10,Y,1,,,,XAP,Refused,-667,XNA,HC,,Repeater,XNA,Cards,walk-in,Credit and cash offices,-1,XNA,0.0,XNA,Card Street,,,,,,
1027203,1965357,191514,Revolving loans,22500.0,0.0,450000.0,,,SUNDAY,10,Y,1,,,,XAP,Refused,-667,XNA,HC,,Repeater,XNA,Cards,x-sell,Credit and cash offices,-1,XNA,0.0,XNA,Card X-Sell,,,,,,
656197,2169440,191514,Revolving loans,11250.0,225000.0,225000.0,,225000.0,SATURDAY,13,Y,1,,,,XAP,Refused,-598,XNA,HC,,Repeater,XNA,Cards,walk-in,Credit and cash offices,-1,XNA,0.0,XNA,Card Street,,,,,,
1537378,1423676,191514,Consumer loans,15126.84,120591.0,150097.5,0.0,120591.0,WEDNESDAY,14,Y,1,0.0,,,XAP,Approved,-342,Cash through the bank,XAP,,Repeater,Consumer Electronics,POS,XNA,Country-wide,650,Consumer electronics,12.0,middle,POS household with interest,365243.0,-311.0,19.0,365243.0,365243.0,0.0
105816,1906405,191514,Revolving loans,2250.0,45000.0,45000.0,,45000.0,SATURDAY,9,Y,1,,,,XAP,Approved,-227,XNA,XAP,Unaccompanied,Repeater,XNA,Cards,walk-in,Country-wide,650,Consumer electronics,0.0,XNA,Card Street,-174.0,-149.0,365243.0,365243.0,365243.0,0.0
1188993,2165767,191514,Consumer loans,6320.115,50386.5,62712.0,0.0,50386.5,SATURDAY,9,Y,1,0.0,,,XAP,Approved,-227,Cash through the bank,XAP,Unaccompanied,Repeater,Computers,POS,XNA,Country-wide,650,Consumer electronics,12.0,middle,POS household with interest,365243.0,-195.0,135.0,365243.0,365243.0,0.0
695357,2149333,192781,Consumer loans,11152.98,85815.0,83605.5,8581.5,85815.0,THURSDAY,16,Y,1,0.101381253716507,,,XAP,Approved,-2567,XNA,XAP,Family,New,Mobile,POS,XNA,Stone,10,Connectivity,10.0,high,POS mobile with interest,365243.0,-2511.0,-2241.0,-2271.0,-2263.0,1.0
125051,2424924,192781,Consumer loans,4948.29,44100.0,48465.0,0.0,44100.0,MONDAY,14,Y,1,0.0,,,XAP,Approved,-2157,XNA,XAP,Family,Repeater,Furniture,POS,XNA,Stone,30,Furniture,12.0,middle,POS industry with interest,365243.0,-2119.0,-1789.0,-1789.0,-1787.0,0.0
108474,1361615,192781,Cash loans,34960.05,675000.0,732915.0,,675000.0,TUESDAY,15,Y,1,,,,Building a house or an annex,Approved,-658,Cash through the bank,XAP,"Spouse, partner",Refreshed,XNA,Cash,walk-in,AP+ (Cash loan),100,XNA,30.0,low_normal,Cash Street: low,365243.0,-627.0,243.0,365243.0,365243.0,0.0
1363594,2400661,192781,Cash loans,28071.81,360000.0,420048.0,,360000.0,SUNDAY,10,Y,1,,,,Repairs,Refused,-576,Cash through the bank,LIMIT,,Repeater,XNA,Cash,walk-in,AP+ (Cash loan),100,XNA,24.0,middle,Cash Street: middle,,,,,,
1416299,2375197,192781,Cash loans,21283.29,225000.0,269374.5,,225000.0,SUNDAY,10,Y,1,,,,Repairs,Refused,-576,Cash through the bank,LIMIT,,Repeater,XNA,Cash,walk-in,AP+ (Cash loan),100,XNA,24.0,high,Cash Street: high,,,,,,
1078466,2089983,192781,Revolving loans,11250.0,225000.0,225000.0,0.0,225000.0,TUESDAY,8,Y,1,0.0,,,XAP,Refused,-567,XNA,HC,,Repeater,XNA,Cards,walk-in,Country-wide,20,Connectivity,0.0,XNA,Card Street,,,,,,
250545,2493554,192781,Cash loans,36575.685,765000.0,870021.0,,765000.0,THURSDAY,13,Y,1,,,,Buying a holiday home / land,Refused,-369,XNA,LIMIT,,Repeater,XNA,Cash,walk-in,Contact center,-1,XNA,48.0,middle,Cash Street: middle,,,,,,
1212981,1601480,192781,Revolving loans,38250.0,0.0,765000.0,,,THURSDAY,16,N,1,,,,XAP,Refused,-369,XNA,HC,,Repeater,XNA,Cards,x-sell,AP+ (Cash loan),100,XNA,0.0,XNA,Card X-Sell,,,,,,
492129,2135185,192781,Revolving loans,,0.0,0.0,,,THURSDAY,16,Y,1,,,,XAP,Canceled,-368,XNA,XAP,,Repeater,XNA,XNA,XNA,AP+ (Cash loan),100,XNA,,XNA,Card Street,,,,,,
1248093,1754439,192781,Revolving loans,33750.0,0.0,675000.0,,,FRIDAY,16,N,1,,,,XAP,Refused,-368,XNA,HC,,Repeater,XNA,Cards,x-sell,AP+ (Cash loan),100,XNA,0.0,XNA,Card X-Sell,,,,,,
1224308,2036595,192781,Revolving loans,,0.0,0.0,,,FRIDAY,16,Y,1,,,,XAP,Canceled,-367,XNA,XAP,,Repeater,XNA,XNA,XNA,AP+ (Cash loan),100,XNA,,XNA,Card Street,,,,,,
1173054,1724939,192781,Revolving loans,,0.0,0.0,,,SUNDAY,9,Y,1,,,,XAP,Canceled,-366,XNA,XAP,,Repeater,XNA,XNA,XNA,AP+ (Cash loan),100,XNA,,XNA,Card Street,,,,,,
1366107,2823675,192781,Revolving loans,33750.0,0.0,675000.0,,,SUNDAY,9,N,1,,,,XAP,Refused,-366,XNA,HC,,Repeater,XNA,Cards,x-sell,AP+ (Cash loan),100,XNA,0.0,XNA,Card X-Sell,,,,,,
277123,1600910,192781,Revolving loans,2250.0,45000.0,45000.0,,45000.0,TUESDAY,14,Y,1,,,,XAP,Refused,-364,XNA,HC,,Repeater,XNA,Cards,walk-in,AP+ (Cash loan),100,XNA,0.0,XNA,Card Street,,,,,,
492130,1986552,192781,Cash loans,42231.015,900000.0,1004544.0,,900000.0,TUESDAY,14,Y,1,,,,Other,Refused,-364,Cash through the bank,HC,,Repeater,XNA,Cash,walk-in,AP+ (Cash loan),100,XNA,48.0,middle,Cash Street: middle,,,,,,
709219,2339075,192781,Revolving loans,38250.0,0.0,765000.0,,,TUESDAY,14,N,1,,,,XAP,Refused,-364,XNA,HC,,Repeater,XNA,Cards,x-sell,AP+ (Cash loan),100,XNA,0.0,XNA,Card X-Sell,,,,,,
780294,1773977,192781,Cash loans,33249.735,900000.0,1030680.0,,900000.0,TUESDAY,14,Y,1,,,,XNA,Refused,-364,Cash through the bank,HC,,Repeater,XNA,Cash,walk-in,AP+ (Cash loan),100,XNA,60.0,low_normal,Cash Street: low,,,,,,
1562353,1066140,192781,Revolving loans,,0.0,0.0,,,TUESDAY,14,Y,1,,,,XAP,Canceled,-363,XNA,XAP,,Repeater,XNA,XNA,XNA,AP+ (Cash loan),100,XNA,,XNA,Card Street,,,,,,
3712,2308826,192781,Revolving loans,38250.0,0.0,765000.0,,,THURSDAY,15,N,0,,,,XAP,Refused,-355,XNA,HC,,Repeater,XNA,Cards,x-sell,AP+ (Cash loan),100,XNA,0.0,XNA,Card X-Sell,,,,,,
858432,2795768,192781,Revolving loans,38250.0,0.0,765000.0,,,THURSDAY,15,N,0,,,,XAP,Refused,-355,XNA,HC,,Repeater,XNA,Cards,x-sell,AP+ (Cash loan),100,XNA,0.0,XNA,Card X-Sell,,,,,,
1629782,1902760,192781,Revolving loans,38250.0,0.0,765000.0,,,THURSDAY,15,Y,1,,,,XAP,Refused,-355,XNA,HC,,Repeater,XNA,Cards,x-sell,AP+ (Cash loan),100,XNA,0.0,XNA,Card X-Sell,,,,,,
692041,1749549,192781,Revolving loans,,0.0,0.0,,,THURSDAY,15,Y,1,,,,XAP,Canceled,-354,XNA,XAP,,Repeater,XNA,XNA,XNA,AP+ (Cash loan),100,XNA,,XNA,Card Street,,,,,,
787237,1060160,192781,Revolving loans,,0.0,0.0,,,THURSDAY,15,Y,1,,,,XAP,Canceled,-354,XNA,XAP,,Repeater,XNA,XNA,XNA,AP+ (Cash loan),100,XNA,,XNA,Card Street,,,,,,
1097928,2792762,192781,Revolving loans,,0.0,0.0,,,THURSDAY,15,Y,1,,,,XAP,Canceled,-354,XNA,XAP,,Repeater,XNA,XNA,XNA,AP+ (Cash loan),100,XNA,,XNA,Card Street,,,,,,
629429,1511212,192781,Cash loans,36575.685,765000.0,870021.0,,765000.0,SUNDAY,10,Y,1,,,,Repairs,Refused,-331,XNA,HC,,Repeater,XNA,Cash,walk-in,Contact center,-1,XNA,48.0,middle,Cash Street: middle,,,,,,
685426,2571398,192781,Cash loans,25996.365,337500.0,384277.5,,337500.0,MONDAY,14,Y,1,,,,Other,Approved,-330,Cash through the bank,XAP,,Repeater,XNA,Cash,walk-in,AP+ (Cash loan),100,XNA,36.0,high,Cash Street: high,365243.0,-300.0,750.0,-120.0,-114.0,1.0
786102,1553963,192781,Cash loans,,0.0,0.0,,,WEDNESDAY,10,Y,1,,,,XNA,Canceled,-265,XNA,XAP,,Repeater,XNA,XNA,XNA,Country-wide,20,Connectivity,,XNA,Cash,,,,,,
725893,1416968,218182,Cash loans,9842.4,90000.0,90000.0,0.0,90000.0,THURSDAY,11,Y,1,0.0,,,XNA,Approved,-2457,Cash through the bank,XAP,,Repeater,XNA,Cash,x-sell,Country-wide,-1,Consumer electronics,12.0,high,Cash Street: high,365243.0,-2427.0,-2097.0,-2097.0,-2090.0,0.0
1385115,1151891,218182,Cash loans,16978.905,180000.0,197820.0,0.0,180000.0,WEDNESDAY,9,Y,1,0.0,,,Everyday expenses,Approved,-2100,Cash through the bank,XAP,"Spouse, partner",Repeater,XNA,Cash,walk-in,Credit and cash offices,-1,XNA,18.0,high,Cash Street: high,365243.0,-2070.0,-1560.0,-1890.0,-1887.0,1.0
1579221,2224630,218182,Cash loans,15950.97,247500.0,281803.5,0.0,247500.0,MONDAY,11,Y,1,0.0,,,XNA,Approved,-1627,Cash through the bank,XAP,Unaccompanied,Repeater,XNA,Cash,x-sell,Credit and cash offices,-1,XNA,30.0,middle,Cash X-Sell: middle,365243.0,-1596.0,-726.0,-1236.0,-1229.0,0.0
1326060,1281001,218182,Cash loans,14892.3,225000.0,254700.0,,225000.0,WEDNESDAY,9,Y,1,,,,XNA,Approved,-1282,Cash through the bank,XAP,Unaccompanied,Repeater,XNA,Cash,x-sell,Credit and cash offices,-1,XNA,24.0,middle,Cash X-Sell: middle,365243.0,-1252.0,-562.0,-1013.0,-1005.0,1.0
904853,1450022,218182,Cash loans,36853.65,908296.2,1040182.2,,908296.2,SATURDAY,9,Y,1,,,,XNA,Approved,-1013,Cash through the bank,XAP,Unaccompanied,Repeater,XNA,Cash,x-sell,Credit and cash offices,-1,XNA,60.0,middle,Cash Street: middle,365243.0,-983.0,787.0,-863.0,-856.0,1.0
482,2319125,218182,Revolving loans,22500.0,337500.0,900000.0,,337500.0,TUESDAY,12,N,0,,,,XAP,Refused,-667,XNA,HC,,Repeater,XNA,Cards,x-sell,Credit and cash offices,-1,XNA,0.0,XNA,Card X-Sell,,,,,,
128414,1146460,218182,Revolving loans,22500.0,337500.0,675000.0,,337500.0,TUESDAY,12,N,0,,,,XAP,Refused,-667,XNA,HC,,Repeater,XNA,Cards,x-sell,Credit and cash offices,-1,XNA,0.0,XNA,Card X-Sell,,,,,,
263349,1527145,218182,Revolving loans,22500.0,337500.0,450000.0,,337500.0,TUESDAY,12,N,1,,,,XAP,Refused,-667,XNA,HC,,Repeater,XNA,Cards,x-sell,Credit and cash offices,-1,XNA,0.0,XNA,Card X-Sell,,,,,,
1355571,1050775,218182,Cash loans,47303.325,900000.0,991476.0,,900000.0,TUESDAY,12,Y,1,,,,XNA,Approved,-667,Cash through the bank,XAP,,Repeater,XNA,Cash,x-sell,Credit and cash offices,-1,XNA,42.0,middle,Cash X-Sell: middle,365243.0,-637.0,593.0,365243.0,365243.0,1.0
81845,2686622,218182,Cash loans,,0.0,0.0,,,MONDAY,12,Y,1,,,,XNA,Canceled,-367,XNA,XAP,,Repeater,XNA,XNA,XNA,Credit and cash offices,-1,XNA,,XNA,Cash,,,,,,
653039,1318376,218182,Cash loans,24317.01,463500.0,536917.5,,463500.0,MONDAY,12,Y,1,,,,XNA,Approved,-367,Cash through the bank,XAP,Unaccompanied,Repeater,XNA,Cash,x-sell,Credit and cash offices,-1,XNA,48.0,middle,Cash X-Sell: middle,365243.0,-337.0,1073.0,365243.0,365243.0,1.0
169458,1387356,229941,Consumer loans,3452.58,63900.0,76554.0,0.0,63900.0,THURSDAY,13,Y,1,0.0,,,XAP,Approved,-1733,Cash through the bank,XAP,Family,New,Mobile,POS,XNA,Country-wide,3000,Consumer electronics,24.0,low_action,POS household without interest,365243.0,-1701.0,-1011.0,-1011.0,-1002.0,0.0
3118,1069115,229941,Revolving loans,13500.0,0.0,450000.0,,,MONDAY,10,N,0,,,,XAP,Refused,-1512,XNA,LIMIT,,Repeater,XNA,Cards,x-sell,Credit and cash offices,-1,XNA,0.0,XNA,Card X-Sell,,,,,,
786584,2366874,229941,Revolving loans,13500.0,0.0,270000.0,,,MONDAY,10,Y,1,,,,XAP,Approved,-1512,XNA,XAP,,Repeater,XNA,Cards,x-sell,Credit and cash offices,-1,XNA,0.0,XNA,Card X-Sell,365243.0,365243.0,365243.0,365243.0,365243.0,0.0
1001352,1542823,229941,Consumer loans,14804.955,112270.5,82737.0,33682.5,112270.5,FRIDAY,14,Y,1,0.3150958777992909,,,XAP,Approved,-1067,Cash through the bank,XAP,Unaccompanied,Repeater,Jewelry,POS,XNA,Stone,51,Industry,6.0,low_normal,POS industry with interest,365243.0,-1036.0,-886.0,-886.0,-882.0,0.0
963636,2683037,229941,Cash loans,62956.035,1800000.0,1971072.0,,1800000.0,SATURDAY,13,Y,1,,,,Buying a used car,Approved,-849,Cash through the bank,XAP,Unaccompanied,Repeater,XNA,Cash,x-sell,Credit and cash offices,-1,XNA,48.0,low_normal,Cash X-Sell: low,365243.0,-817.0,593.0,365243.0,365243.0,0.0
944210,1515893,229941,Consumer loans,4393.8,84510.0,94635.0,0.0,84510.0,FRIDAY,14,Y,1,0.0,,,XAP,Approved,-199,Cash through the bank,XAP,Family,Repeater,Mobile,POS,XNA,Country-wide,3000,Consumer electronics,24.0,low_action,POS household without interest,365243.0,-169.0,521.0,365243.0,365243.0,1.0
504798,1079014,250370,Consumer loans,2459.655,20655.0,20227.5,2250.0,20655.0,FRIDAY,14,Y,1,0.109018109018109,,,XAP,Approved,-1613,Cash through the bank,XAP,,New,Mobile,POS,XNA,Country-wide,23,Connectivity,12.0,high,POS mobile with interest,365243.0,-1578.0,-1248.0,-1248.0,-1240.0,0.0
945228,1179521,250370,Consumer loans,7559.235,123750.0,111375.0,12375.0,123750.0,SATURDAY,14,Y,1,0.1089090909090909,,,XAP,Approved,-1003,Cash through the bank,XAP,Unaccompanied,Repeater,Clothing and Accessories,POS,XNA,Regional / Local,145,Clothing,18.0,low_normal,POS industry with interest,365243.0,-972.0,-462.0,-732.0,-722.0,0.0
1228082,1336945,250370,Cash loans,7880.04,67500.0,71955.0,,67500.0,SATURDAY,13,Y,1,,,,XNA,Approved,-842,Cash through the bank,XAP,Unaccompanied,Repeater,XNA,Cash,x-sell,AP+ (Cash loan),5,XNA,12.0,middle,Cash X-Sell: middle,365243.0,-812.0,-482.0,-752.0,-743.0,1.0
371938,1184976,250370,Cash loans,14225.22,229500.0,311899.5,,229500.0,TUESDAY,14,Y,1,,,,XNA,Approved,-657,Cash through the bank,XAP,Unaccompanied,Repeater,XNA,Cash,x-sell,Credit and cash offices,-1,XNA,36.0,middle,Cash X-Sell: middle,365243.0,-627.0,423.0,-177.0,-169.0,1.0
1365778,1788995,250370,Revolving loans,22500.0,765000.0,450000.0,,765000.0,TUESDAY,14,N,1,,,,XAP,Refused,-657,XNA,HC,,Repeater,XNA,Cards,x-sell,Credit and cash offices,-1,XNA,0.0,XNA,Card X-Sell,,,,,,
545,2285603,250370,Revolving loans,38250.0,765000.0,765000.0,,765000.0,MONDAY,14,N,1,,,,XAP,Refused,-448,XNA,HC,,Repeater,XNA,Cards,x-sell,AP+ (Cash loan),5,XNA,0.0,XNA,Card X-Sell,,,,,,
299090,1695381,250370,Cash loans,7450.65,67500.0,67500.0,,67500.0,MONDAY,14,Y,1,,,,XNA,Refused,-448,Cash through the bank,HC,,Repeater,XNA,Cash,x-sell,AP+ (Cash loan),5,XNA,12.0,high,Cash X-Sell: high,,,,,,
885529,1610124,250370,Cash loans,12179.205,90000.0,109156.5,,90000.0,TUESDAY,15,Y,1,,,,XNA,Refused,-440,Cash through the bank,HC,,Repeater,XNA,Cash,x-sell,Credit and cash offices,-1,XNA,12.0,high,Cash X-Sell: high,,,,,,
1119821,2611918,250370,Revolving loans,38250.0,765000.0,765000.0,,765000.0,TUESDAY,15,Y,1,,,,XAP,Canceled,-440,XNA,XAP,,Repeater,XNA,Cards,x-sell,Credit and cash offices,-1,XNA,0.0,XNA,Card Street,,,,,,
1369831,1250248,250370,Cash loans,7942.41,67500.0,71955.0,,67500.0,TUESDAY,15,Y,1,,,,XNA,Refused,-440,Cash through the bank,HC,,Repeater,XNA,Cash,x-sell,AP+ (Cash loan),5,XNA,12.0,high,Cash X-Sell: high,,,,,,
1155523,1349924,250370,Cash loans,27782.955,450000.0,533160.0,,450000.0,WEDNESDAY,13,Y,1,,,,XNA,Approved,-397,Cash through the bank,XAP,,Repeater,XNA,Cash,x-sell,Contact center,-1,XNA,48.0,high,Cash X-Sell: high,365243.0,-367.0,1043.0,-157.0,-155.0,1.0
783904,1816637,268915,Consumer loans,4004.91,44955.0,43249.5,6750.0,44955.0,THURSDAY,13,Y,1,0.1470287430147028,,,XAP,Approved,-1910,Cash through the bank,XAP,Unaccompanied,New,Audio/Video,POS,XNA,Country-wide,-1,Consumer electronics,16.0,high,POS household with interest,365243.0,-1879.0,-1429.0,-1459.0,-1452.0,0.0
142302,2090569,268915,Cash loans,14736.15,157500.0,209340.0,,157500.0,THURSDAY,15,Y,1,,,,XNA,Approved,-825,XNA,XAP,Family,Repeater,XNA,Cash,x-sell,Credit and cash offices,-1,XNA,24.0,high,Cash X-Sell: high,365243.0,-795.0,-105.0,-135.0,-129.0,1.0
798419,2201419,268915,Revolving loans,2250.0,0.0,270000.0,,,MONDAY,13,N,0,,,,XAP,Refused,-800,XNA,SCO,,Repeater,XNA,Cards,x-sell,Contact center,-1,XNA,0.0,XNA,Card X-Sell,,,,,,
1402334,1638561,268915,Revolving loans,2250.0,0.0,45000.0,,,MONDAY,13,N,1,,,,XAP,Refused,-800,XNA,SCO,,Repeater,XNA,Cards,x-sell,Contact center,-1,XNA,0.0,XNA,Card X-Sell,,,,,,
3667,1379936,268915,Revolving loans,2250.0,0.0,270000.0,,,WEDNESDAY,12,N,0,,,,XAP,Refused,-784,XNA,SCO,,Repeater,XNA,Cards,x-sell,Contact center,-1,XNA,0.0,XNA,Card X-Sell,,,,,,
1379034,1637218,268915,Revolving loans,2250.0,0.0,45000.0,,,WEDNESDAY,12,Y,1,,,,XAP,Refused,-784,XNA,SCO,,Repeater,XNA,Cards,x-sell,Contact center,-1,XNA,0.0,XNA,Card X-Sell,,,,,,
1576394,1560126,275073,Consumer loans,7249.455,58500.0,56992.5,5850.0,58500.0,SATURDAY,18,Y,1,0.1013833284509975,,,XAP,Approved,-1146,Cash through the bank,XAP,,New,Mobile,POS,XNA,Country-wide,25,Connectivity,10.0,high,POS mobile with interest,365243.0,-1111.0,-841.0,-841.0,-837.0,0.0
306699,2358735,275073,Cash loans,,0.0,0.0,,,THURSDAY,10,Y,1,,,,XNA,Canceled,-287,XNA,XAP,,Repeater,XNA,XNA,XNA,Credit and cash offices,-1,XNA,,XNA,Cash,,,,,,
1416533,1985130,275073,Consumer loans,8730.315,84600.0,93532.5,0.0,84600.0,SUNDAY,13,Y,1,0.0,,,XAP,Approved,-151,Cash through the bank,XAP,Other_B,Repeater,Furniture,POS,XNA,Stone,545,Furniture,12.0,low_normal,POS industry with interest,365243.0,-121.0,209.0,365243.0,365243.0,1.0
3722,2514152,275073,Revolving loans,7875.0,225000.0,225000.0,,225000.0,THURSDAY,14,N,0,,,,XAP,Refused,-42,XNA,HC,Children,Repeater,XNA,Cards,x-sell,AP+ (Cash loan),3,XNA,0.0,XNA,Card X-Sell,,,,,,
674419,2485408,275073,Revolving loans,7875.0,225000.0,157500.0,,225000.0,THURSDAY,14,Y,1,,,,XAP,Refused,-42,XNA,HC,Children,Repeater,XNA,Cards,x-sell,AP+ (Cash loan),3,XNA,0.0,XNA,Card X-Sell,,,,,,
711142,1993015,275073,Cash loans,17694.045,90000.0,92970.0,,90000.0,WEDNESDAY,16,Y,1,,,,XNA,Approved,-42,Cash through the bank,XAP,Unaccompanied,Repeater,XNA,Cash,x-sell,Contact center,-1,XNA,6.0,middle,Cash X-Sell: middle,365243.0,-12.0,138.0,-12.0,-4.0,1.0
197622,1397206,275073,Cash loans,20885.85,630000.0,754740.0,,630000.0,WEDNESDAY,15,Y,1,,,,Repairs,Refused,-29,Cash through the bank,HC,Unaccompanied,Repeater,XNA,Cash,walk-in,Credit and cash offices,-1,XNA,60.0,low_normal,Cash Street: low,,,,,,
1607709,1322401,275073,Cash loans,,0.0,0.0,,,WEDNESDAY,14,Y,1,,,,XNA,Canceled,-29,XNA,XAP,,Repeater,XNA,XNA,XNA,Credit and cash offices,-1,XNA,,XNA,Cash,,,,,,
1061356,2629274,289922,Consumer loans,6830.325,68310.0,61479.0,6831.0,68310.0,TUESDAY,9,Y,1,0.1089090909090909,,,XAP,Approved,-2545,Cash through the bank,XAP,,New,Consumer Electronics,POS,XNA,Country-wide,145,Consumer electronics,10.0,low_normal,POS household without interest,365243.0,-2499.0,-2229.0,-2229.0,-1609.0,0.0
131567,1895535,289922,Consumer loans,3668.715,26064.0,18135.0,8784.0,26064.0,MONDAY,11,Y,1,0.3553837269383909,,,XAP,Approved,-1552,Cash through the bank,XAP,,Repeater,Mobile,POS,XNA,Country-wide,7,Connectivity,6.0,high,POS mobile with interest,365243.0,-1491.0,-1341.0,-1401.0,-1392.0,0.0
96698,1500710,289922,Consumer loans,,24975.0,24975.0,0.0,24975.0,THURSDAY,12,Y,1,0.0,,,XAP,Unused offer,-632,Cash through the bank,CLIENT,,Refreshed,Mobile,XNA,XNA,Country-wide,7,Connectivity,,XNA,POS mobile with interest,,,,,,
656291,1337041,289922,Consumer loans,,24975.0,24975.0,0.0,24975.0,THURSDAY,15,Y,1,0.0,,,XAP,Unused offer,-632,Cash through the bank,CLIENT,,Refreshed,Mobile,XNA,XNA,Country-wide,7,Connectivity,,XNA,POS mobile with interest,,,,,,
310502,1938099,289922,Cash loans,25518.78,360000.0,414976.5,,360000.0,WEDNESDAY,13,Y,1,,,,XNA,Approved,-423,Non-cash from your account,XAP,,Refreshed,XNA,Cash,x-sell,AP+ (Cash loan),4,XNA,24.0,middle,Cash X-Sell: middle,365243.0,-393.0,297.0,-33.0,-27.0,1.0
788660,1257108,289922,Consumer loans,7021.575,63832.5,63832.5,0.0,63832.5,MONDAY,15,Y,1,0.0,,,XAP,Approved,-397,Cash through the bank,XAP,,Repeater,Clothing and Accessories,POS,XNA,Stone,9,Clothing,10.0,low_normal,POS industry with interest,365243.0,-364.0,-94.0,-94.0,-90.0,0.0
180456,2649429,289922,Cash loans,13089.6,247500.0,247500.0,,247500.0,TUESDAY,11,Y,1,,,,XNA,Refused,-130,Non-cash from your account,HC,Unaccompanied,Repeater,XNA,Cash,x-sell,AP+ (Cash loan),4,XNA,36.0,middle,Cash X-Sell: middle,,,,,,
1510066,2298361,289922,Revolving loans,12375.0,247500.0,247500.0,,247500.0,TUESDAY,11,N,1,,,,XAP,Refused,-130,XNA,HC,Unaccompanied,Repeater,XNA,Cards,x-sell,AP+ (Cash loan),4,XNA,0.0,XNA,Card X-Sell,,,,,,
642416,2352626,289922,Cash loans,12618.36,238500.0,238500.0,,238500.0,FRIDAY,13,Y,1,,,,XNA,Refused,-127,Non-cash from your account,HC,Unaccompanied,Repeater,XNA,Cash,x-sell,AP+ (Cash loan),4,XNA,36.0,middle,Cash X-Sell: middle,,,,,,
1445923,2042469,289922,Revolving loans,12375.0,247500.0,247500.0,,247500.0,FRIDAY,13,N,1,,,,XAP,Refused,-127,XNA,HC,Unaccompanied,Repeater,XNA,Cards,x-sell,AP+ (Cash loan),4,XNA,0.0,XNA,Card X-Sell,,,,,,
128558,1582960,289922,Cash loans,13089.6,247500.0,247500.0,,247500.0,MONDAY,13,Y,1,,,,XNA,Refused,-124,Non-cash from your account,HC,Unaccompanied,Repeater,XNA,Cash,x-sell,AP+ (Cash loan),4,XNA,36.0,middle,Cash X-Sell: middle,,,,,,
352125,2783143,289922,Revolving loans,12375.0,247500.0,247500.0,,247500.0,MONDAY,13,N,1,,,,XAP,Refused,-124,XNA,HC,Unaccompanied,Repeater,XNA,Cards,x-sell,AP+ (Cash loan),4,XNA,0.0,XNA,Card X-Sell,,,,,,
570,1889112,289922,Revolving loans,12375.0,247500.0,247500.0,,247500.0,SATURDAY,8,N,1,,,,XAP,Refused,-119,XNA,HC,Unaccompanied,Repeater,XNA,Cards,x-sell,AP+ (Cash loan),4,XNA,0.0,XNA,Card X-Sell,,,,,,
1473327,1577028,289922,Cash loans,8848.44,166500.0,166500.0,,166500.0,SATURDAY,8,Y,1,,,,XNA,Refused,-119,Non-cash from your account,HC,Unaccompanied,Repeater,XNA,Cash,x-sell,AP+ (Cash loan),4,XNA,36.0,middle,Cash X-Sell: middle,,,,,,
571,1451752,289922,Cash loans,8848.44,166500.0,166500.0,,166500.0,MONDAY,13,Y,1,,,,XNA,Refused,-117,Non-cash from your account,HC,Unaccompanied,Repeater,XNA,Cash,x-sell,AP+ (Cash loan),4,XNA,36.0,middle,Cash X-Sell: middle,,,,,,
765753,2484861,289922,Revolving loans,12375.0,247500.0,247500.0,,247500.0,MONDAY,14,Y,1,,,,XAP,Refused,-117,XNA,HC,Unaccompanied,Repeater,XNA,Cards,x-sell,AP+ (Cash loan),4,XNA,0.0,XNA,Card X-Sell,,,,,,
503,2195939,340546,Revolving loans,9000.0,0.0,67500.0,,,SUNDAY,13,N,1,,,,XAP,Refused,-2725,XNA,HC,,Repeater,XNA,Cards,x-sell,Country-wide,71,Connectivity,0.0,XNA,Card Street,,,,,,
642458,2038024,340546,Revolving loans,9000.0,0.0,180000.0,,,MONDAY,13,Y,1,,,,XAP,Approved,-2584,XNA,XAP,,Repeater,XNA,Cards,x-sell,Country-wide,71,Connectivity,0.0,XNA,Card X-Sell,-2516.0,-2459.0,365243.0,-1699.0,365243.0,0.0
1509968,1124251,340546,Consumer loans,2010.6,17010.0,17010.0,0.0,17010.0,SUNDAY,10,Y,1,0.0,,,XAP,Refused,-2424,Cash through the bank,LIMIT,Family,Repeater,Mobile,POS,XNA,Country-wide,71,Connectivity,12.0,high,POS mobile with interest,,,,,,
708979,1652882,340546,Cash loans,6024.06,45000.0,54580.5,,45000.0,WEDNESDAY,11,Y,1,,,,XNA,Approved,-1588,Cash through the bank,XAP,Unaccompanied,Repeater,XNA,Cash,x-sell,Credit and cash offices,-1,XNA,12.0,high,Cash X-Sell: high,,,,,,
979722,1555115,340546,Consumer loans,4347.045,17055.0,20281.5,0.0,17055.0,MONDAY,15,Y,1,0.0,,,XAP,Refused,-1268,Cash through the bank,HC,Unaccompanied,Repeater,Mobile,POS,XNA,Country-wide,40,Connectivity,6.0,high,POS mobile with interest,,,,,,
469183,1306049,340546,Consumer loans,3058.515,14845.5,15628.5,0.0,14845.5,THURSDAY,14,Y,1,0.0,,,XAP,Approved,-978,Cash through the bank,XAP,Unaccompanied,Repeater,Auto Accessories,POS,XNA,Country-wide,1500,Consumer electronics,6.0,high,POS household with interest,365243.0,-947.0,-797.0,-827.0,-821.0,0.0
802860,1934688,340546,Consumer loans,3883.455,15705.0,18679.5,0.0,15705.0,THURSDAY,10,Y,1,0.0,,,XAP,Refused,-950,Cash through the bank,SCO,Unaccompanied,Repeater,Mobile,POS,XNA,Country-wide,40,Connectivity,6.0,high,POS mobile with interest,,,,,,
971457,1372690,379247,Consumer loans,6972.93,48640.5,38911.5,9729.0,48640.5,SATURDAY,13,Y,1,0.2178383333753856,,,XAP,Refused,-1523,XNA,SCO,Unaccompanied,New,Photo / Cinema Equipment,POS,XNA,Country-wide,3000,Consumer electronics,6.0,low_normal,POS household with interest,,,,,,
1100790,1804733,379247,Consumer loans,3731.625,48640.5,38911.5,9729.0,48640.5,SATURDAY,13,Y,1,0.2178383333753856,,,XAP,Refused,-1523,XNA,SCO,Unaccompanied,New,Photo / Cinema Equipment,POS,XNA,Country-wide,3000,Consumer electronics,12.0,low_normal,POS household with interest,,,,,,
1112140,2209106,379247,Consumer loans,4381.425,48640.5,38911.5,9729.0,48640.5,SATURDAY,13,Y,1,0.2178383333753856,,,XAP,Refused,-1523,XNA,SCO,Unaccompanied,New,Photo / Cinema Equipment,POS,XNA,Country-wide,3000,Consumer electronics,10.0,low_normal,POS household with interest,,,,,,
1382051,1691117,379247,Consumer loans,7284.24,48640.5,38911.5,9729.0,48640.5,SATURDAY,13,Y,1,0.2178383333753856,,,XAP,Approved,-1523,XNA,XAP,Unaccompanied,New,Photo / Cinema Equipment,POS,XNA,Country-wide,3000,Consumer electronics,6.0,middle,POS household with interest,365243.0,-1492.0,-1342.0,-1342.0,-1339.0,0.0
429875,2008806,379247,Consumer loans,1276.335,28300.5,28300.5,0.0,28300.5,SATURDAY,17,Y,1,0.0,,,XAP,Refused,-1453,XNA,LIMIT,Unaccompanied,Repeater,Consumer Electronics,POS,XNA,Country-wide,3000,Consumer electronics,24.0,low_action,POS household without interest,,,,,,
1335,2187571,379247,Revolving loans,4500.0,0.0,135000.0,,,SATURDAY,17,N,0,,,,XAP,Refused,-1292,XNA,LIMIT,,Repeater,XNA,Cards,x-sell,Credit and cash offices,-1,XNA,0.0,XNA,Card Street,,,,,,
602294,1247895,379247,Revolving loans,4500.0,0.0,90000.0,,,SATURDAY,17,N,1,,,,XAP,Refused,-1292,XNA,LIMIT,,Repeater,XNA,Cards,x-sell,Credit and cash offices,-1,XNA,0.0,XNA,Card Street,,,,,,
772690,1929456,379247,Revolving loans,4500.0,0.0,90000.0,,,THURSDAY,18,Y,1,,,,XAP,Approved,-1168,XNA,XAP,,Repeater,XNA,Cards,x-sell,Credit and cash offices,-1,XNA,0.0,XNA,Card Street,-903.0,-867.0,365243.0,365243.0,365243.0,0.0
568760,1823831,379247,Cash loans,26360.1,585000.0,585000.0,,585000.0,FRIDAY,10,Y,1,,,,XNA,Refused,-999,XNA,LIMIT,Unaccompanied,Repeater,XNA,Cash,walk-in,AP+ (Cash loan),7,XNA,30.0,low_normal,Cash Street: low,,,,,,
991056,2182682,379247,Cash loans,19334.25,585000.0,585000.0,,585000.0,FRIDAY,10,Y,1,,,,XNA,Refused,-999,XNA,LIMIT,Unaccompanied,Repeater,XNA,Cash,walk-in,AP+ (Cash loan),7,XNA,48.0,low_normal,Cash Street: low,,,,,,
22310,1030946,379247,Cash loans,4618.125,112500.0,112500.0,,112500.0,TUESDAY,19,Y,1,,,,XNA,Approved,-890,Cash through the bank,XAP,Unaccompanied,Repeater,XNA,Cash,x-sell,AP+ (Cash loan),4,XNA,30.0,low_action,Cash Street: low,365243.0,-860.0,10.0,-140.0,-136.0,0.0
1516016,1115776,379247,Consumer loans,12034.035,131404.5,131404.5,0.0,131404.5,SATURDAY,17,Y,1,0.0,,,XAP,Refused,-809,Cash through the bank,LIMIT,Family,Repeater,Clothing and Accessories,POS,XNA,Stone,145,Clothing,12.0,low_action,POS industry without interest,,,,,,
1025848,2360417,388401,Consumer loans,3682.35,44955.0,29623.5,18000.0,44955.0,FRIDAY,17,Y,1,0.4116378754950049,,,XAP,Approved,-1643,Cash through the bank,XAP,Unaccompanied,New,Mobile,POS,XNA,Country-wide,50,Connectivity,12.0,high,POS mobile with interest,365243.0,-1612.0,-1282.0,-1282.0,-1270.0,0.0
1615868,2263356,388401,Consumer loans,13203.675,61947.0,49554.0,12393.0,61947.0,SATURDAY,11,Y,1,0.2178814734589833,,,XAP,Approved,-1215,Cash through the bank,XAP,Family,Repeater,Mobile,POS,XNA,Country-wide,50,Connectivity,4.0,middle,POS mobile without interest,365243.0,-1183.0,-1093.0,-1093.0,-1081.0,0.0
1538717,2505998,388401,Consumer loans,18892.845,85032.0,70416.0,17010.0,85032.0,FRIDAY,14,Y,1,0.21189847829749,,,XAP,Refused,-1118,Cash through the bank,HC,Unaccompanied,Repeater,Mobile,POS,XNA,Country-wide,50,Connectivity,4.0,middle,POS mobile without interest,,,,,,
1418444,1232518,388401,Consumer loans,8043.165,68355.0,38799.0,31500.0,68355.0,SUNDAY,16,Y,1,0.4880064245062325,,,XAP,Approved,-920,Cash through the bank,XAP,Family,Repeater,Mobile,POS,XNA,Country-wide,50,Connectivity,6.0,high,POS mobile with interest,365243.0,-889.0,-739.0,-739.0,-731.0,0.0
588986,1146820,388401,Consumer loans,25646.355,134955.0,135774.0,13495.5,134955.0,SATURDAY,12,Y,1,0.098465033805542,,,XAP,Approved,-648,XNA,XAP,,Repeater,Computers,POS,XNA,Stone,60,Consumer electronics,6.0,middle,POS household with interest,365243.0,-617.0,-467.0,-467.0,-465.0,0.0
366,2139354,388401,Revolving loans,29250.0,0.0,585000.0,,,THURSDAY,15,N,1,,,,XAP,Refused,-608,XNA,HC,,Repeater,XNA,Cards,x-sell,AP+ (Cash loan),5,XNA,0.0,XNA,Card X-Sell,,,,,,
351729,2117647,388401,Revolving loans,29250.0,0.0,765000.0,,,THURSDAY,15,N,0,,,,XAP,Refused,-608,XNA,HC,,Repeater,XNA,Cards,x-sell,AP+ (Cash loan),5,XNA,0.0,XNA,Card X-Sell,,,,,,
411525,1343347,388401,Cash loans,51334.695,810000.0,893398.5,,810000.0,THURSDAY,15,Y,1,,,,XNA,Refused,-608,XNA,HC,,Repeater,XNA,Cash,x-sell,AP+ (Cash loan),5,XNA,36.0,high,Cash X-Sell: high,,,,,,
1428084,2163887,388401,Revolving loans,29250.0,0.0,765000.0,,,THURSDAY,15,N,0,,,,XAP,Refused,-608,XNA,HC,,Repeater,XNA,Cards,x-sell,AP+ (Cash loan),5,XNA,0.0,XNA,Card X-Sell,,,,,,
458977,1601845,388401,Cash loans,51334.695,810000.0,893398.5,,810000.0,WEDNESDAY,10,Y,1,,,,XNA,Refused,-602,XNA,HC,,Repeater,XNA,Cash,x-sell,AP+ (Cash loan),5,XNA,36.0,high,Cash X-Sell: high,,,,,,
21484,1351764,388401,Cash loans,,0.0,0.0,,,THURSDAY,9,Y,1,,,,XNA,Refused,-293,XNA,HC,,Repeater,XNA,XNA,XNA,Credit and cash offices,-1,XNA,,XNA,Cash,,,,,,
237382,1347262,388401,Cash loans,,0.0,0.0,,,THURSDAY,9,Y,1,,,,XNA,Refused,-293,XNA,HC,,Repeater,XNA,XNA,XNA,Credit and cash offices,-1,XNA,,XNA,Cash,,,,,,
1531869,1712680,388401,Cash loans,43839.0,450000.0,450000.0,,450000.0,TUESDAY,17,Y,1,,,,XNA,Canceled,-280,XNA,XAP,Unaccompanied,Repeater,XNA,Cash,x-sell,Contact center,-1,XNA,12.0,low_normal,Cash X-Sell: low,,,,,,
1539164,1273695,388401,Revolving loans,13500.0,0.0,270000.0,,,THURSDAY,14,Y,1,,,,XAP,Refused,-188,XNA,HC,,Repeater,XNA,Cards,x-sell,AP+ (Cash loan),4,XNA,0.0,XNA,Card X-Sell,,,,,,
1014914,2224452,415154,Consumer loans,7357.05,80334.0,77688.0,9643.5,80334.0,WEDNESDAY,12,Y,1,0.1202618549070859,,,XAP,Approved,-2452,Cash through the bank,XAP,Children,Repeater,Consumer Electronics,POS,XNA,Country-wide,55,Consumer electronics,12.0,low_normal,POS household without interest,365243.0,-2421.0,-2091.0,-2091.0,-2084.0,1.0
2936,1749274,415154,Revolving loans,6750.0,0.0,90000.0,,,TUESDAY,11,N,0,,,,XAP,Refused,-2425,XNA,XNA,,Repeater,XNA,Cards,x-sell,Country-wide,55,Consumer electronics,0.0,XNA,Card Street,,,,,,
72634,2822480,415154,Revolving loans,6750.0,0.0,67500.0,,,TUESDAY,11,N,1,,,,XAP,Refused,-2425,XNA,SCO,,Repeater,XNA,Cards,x-sell,Country-wide,55,Consumer electronics,0.0,XNA,Card Street,,,,,,
662480,1358939,415154,Revolving loans,6750.0,0.0,112500.0,,,TUESDAY,9,Y,1,,,,XAP,Approved,-2285,XNA,XAP,,Repeater,XNA,Cards,x-sell,Country-wide,55,Consumer electronics,0.0,XNA,Card X-Sell,-2284.0,-2223.0,365243.0,-1554.0,365243.0,0.0
1150779,1670481,415154,Cash loans,17922.51,423000.0,423000.0,,423000.0,TUESDAY,13,Y,1,,,,XNA,Approved,-626,Cash through the bank,XAP,Family,Repeater,XNA,Cash,x-sell,Stone,55,Furniture,36.0,low_normal,Cash X-Sell: low,365243.0,-596.0,454.0,-566.0,-557.0,0.0
302048,1670482,415154,Cash loans,50031.0,1350000.0,1350000.0,,1350000.0,FRIDAY,11,Y,1,,,,XNA,Approved,-588,Cash through the bank,XAP,Family,Repeater,XNA,Cash,x-sell,Stone,55,Furniture,36.0,low_action,Cash X-Sell: low,365243.0,-558.0,492.0,365243.0,365243.0,0.0
45778,1537775,442004,Consumer loans,9053.505,81000.0,73071.0,13500.0,81000.0,SATURDAY,9,Y,1,0.1698343241123155,,,XAP,Approved,-1722,XNA,XAP,Unaccompanied,Refreshed,Furniture,POS,XNA,Stone,20,Furniture,10.0,middle,POS industry with interest,365243.0,-1687.0,-1417.0,-1417.0,-1413.0,0.0
816013,1660538,442004,Consumer loans,9191.25,100341.0,100341.0,0.0,100341.0,SATURDAY,11,Y,1,0.0,,,XAP,Approved,-1631,Cash through the bank,XAP,Family,Repeater,Consumer Electronics,POS,XNA,Stone,5,Consumer electronics,12.0,low_action,POS household without interest,365243.0,-1580.0,-1250.0,-1250.0,-1245.0,0.0
414170,1570762,442004,Consumer loans,5457.6,57735.0,51961.5,5773.5,57735.0,TUESDAY,11,Y,1,0.1089090909090909,,,XAP,Approved,-655,Cash through the bank,XAP,,Repeater,Construction Materials,POS,XNA,Stone,20,Construction,12.0,middle,POS household with interest,365243.0,-624.0,-294.0,-474.0,-468.0,0.0
3738,2372717,442004,Revolving loans,22500.0,0.0,450000.0,,,THURSDAY,9,N,1,,,,XAP,Refused,-541,XNA,HC,,Repeater,XNA,Cards,x-sell,AP+ (Cash loan),4,XNA,0.0,XNA,Card X-Sell,,,,,,
774990,2372718,442004,Revolving loans,,0.0,0.0,,,THURSDAY,9,Y,1,,,,XAP,Refused,-541,XNA,HC,,Repeater,XNA,XNA,XNA,AP+ (Cash loan),4,XNA,,XNA,Card Street,,,,,,
968488,1539493,442004,Cash loans,9830.97,90000.0,95940.0,,90000.0,THURSDAY,9,Y,1,,,,XNA,Approved,-541,Cash through the bank,XAP,,Repeater,XNA,Cash,x-sell,AP+ (Cash loan),4,XNA,12.0,middle,Cash X-Sell: middle,365243.0,-511.0,-181.0,-181.0,-174.0,1.0
549414,1151151,442004,Consumer loans,12705.84,74655.0,70735.5,7465.5,74655.0,MONDAY,9,Y,1,0.1039706420866508,,,XAP,Approved,-488,Cash through the bank,XAP,,Repeater,Consumer Electronics,POS,XNA,Stone,20,Consumer electronics,6.0,low_normal,POS household with interest,365243.0,-457.0,-307.0,-307.0,-300.0,0.0
448675,2332970,442004,Consumer loans,9049.32,81000.0,81000.0,0.0,81000.0,TUESDAY,13,Y,1,0.0,,,XAP,Approved,-319,Cash through the bank,XAP,Unaccompanied,Repeater,Furniture,POS,XNA,Stone,55,Furniture,10.0,low_normal,POS industry with interest,365243.0,-289.0,-19.0,-19.0,-13.0,0.0
1447952,1654164,442004,Revolving loans,7875.0,0.0,157500.0,,,THURSDAY,10,Y,1,,,,XAP,Refused,-163,XNA,HC,,Repeater,XNA,Cards,x-sell,Stone,20,Consumer electronics,0.0,XNA,Card X-Sell,,,,,,
