feature,importance_fold_1,importance_fold_2,importance_fold_3,importance_fold_4,importance_fold_5,mean_importance_cv
amt_credit_sum_limit_is_zero_mean,9.881476843673909e-05,-3.1382292281123544e-05,-0.00014877013029583884,-4.8691319655524976e-05,-7.558342242510729e-05,-4.112247924417111e-05
flag_phone,0.0,-4.643231707248674e-05,-0.00011409711719039262,3.0395183095643928e-05,-3.998027702971641e-05,-3.402290563939037e-05
building_features_nan_count,-3.188441181261048e-05,-0.00013925912273831108,1.8500981343905208e-05,-3.591564296230309e-05,2.704234256454274e-05,-3.2303170720955336e-05
organization_type_Business Entity Type 1,0.0,-2.8962340225024973e-05,-0.00012672076622164408,5.311118489883526e-05,-5.475144545648014e-05,-3.146467340086279e-05
bureau_amt_annuity_loan_2,-1.8886403585605116e-05,-9.1152360149227e-06,-0.0001051128533630763,4.238288542819379e-05,-5.8697038956001535e-05,-2.9885729298282368e-05
organization_type_University,0.0,0.0,-0.0001307088158053027,0.0,0.0,-2.614176316106054e-05
amt_annuity_min,-4.939293088432883e-05,8.779062181663022e-08,-3.806758381119657e-06,-0.00016777644302325977,9.658387416588976e-05,-2.4860893500200377e-05
education_type_Incomplete higher,-7.145656985629856e-05,1.809129177596791e-05,0.0,-7.749806349410804e-05,2.3562196316984085e-05,-2.1460229051490917e-05
bureau_balance_months_balance_max_loan_2,-8.139439685921346e-05,-8.370407532951596e-05,3.8448723583761615e-05,6.40796595257731e-05,-4.1870978021729674e-05,-2.0888213420184883e-05
cnt_family_members,-2.2157496425267987e-05,-8.166776115277052e-05,-5.768236405918614e-05,3.65366010182111e-06,5.5725886405699755e-05,-2.0425615025940754e-05
flag_email,-5.8416093808211224e-05,3.206142054668071e-06,1.1203296696371545e-05,-5.1118409160544334e-05,0.0,-1.9025012843543186e-05
bureau_days_credit_enddate_fourth_positive_cluster_loan_2,0.0,0.0,0.0,-9.13222314335771e-05,3.814954163394724e-06,-1.7501455454036475e-05
bureau_days_credit_enddate_is_missing_loan_1,-1.2285690824942463e-05,0.0,-8.003863843693004e-05,1.3200711776417685e-05,-8.300594972965313e-06,-1.748484249168403e-05
flag_city_not_work,-5.752641080039034e-05,-1.7943546582799285e-06,0.0,-1.900916770689598e-05,-1.917471347878674e-06,-1.6049480902688983e-05
flag_region_not_live,0.0,0.0,-9.606649372995157e-06,-5.309905123569436e-05,-1.3922726618575965e-05,-1.5325685445453096e-05
occupation_type_is_missing,-7.042306725282276e-05,0.0,9.629846081993243e-06,-1.222145378463324e-05,0.0,-1.4602934991092554e-05
flag_live_city_not_work,3.2713783377036346e-05,-2.911508163185861e-05,-9.127155554626843e-05,4.442526643648748e-05,-2.3631799242096464e-05,-1.3375877321339933e-05
bureau_days_credit_enddate_fourth_positive_cluster_loan_1,6.8126949934965705e-06,0.0,0.0,-7.208288099895821e-05,0.0,-1.3054037201092329e-05
organization_type_Business Entity Type 2,0.0,5.817020869880451e-07,1.4716349054411104e-05,-7.632716499883507e-05,0.0,-1.2205822771487184e-05
bureau_amt_credit_sum_limit_is_missing_loan_2,0.0,0.0,8.315127991487259e-07,-5.408687416603719e-05,0.0,-1.0651072273377692e-05
bureau_balance_status_score_max_loan_1,-4.3068080524366616e-05,2.8381351883077775e-05,-3.3423959544509606e-05,-4.172552638248561e-06,0.0,-1.0456648164809402e-05
bureau_amt_credit_sum_debt_is_negative_loan_1,-3.5526295123822216e-05,-8.558514999146283e-06,1.3611115089262604e-05,2.858548292221652e-05,-4.972647121312956e-05,-1.0322936664923787e-05
bureau_balance_months_balance_max_loan_1,1.6291227158404809e-06,-2.1187873989614302e-05,-6.280169929659963e-05,2.3296633272940072e-06,3.062457310203382e-05,-9.881242828209125e-06
organization_type_Postal,0.0,0.0,-1.1196516119760248e-05,0.0,-3.815739427213138e-05,-9.870782078378326e-06
organization_type_Industry: type 5,0.0,-3.270129284138612e-05,-1.4584663121852693e-05,0.0,0.0,-9.457191192647763e-06
organization_type_Industry: type 4,0.0,-2.621799111544032e-05,-1.715985469195047e-05,0.0,0.0,-8.675569161478158e-06
organization_type_Transport: type 4,0.0,0.0,-3.3933573397337825e-05,-2.0125464717901664e-05,1.0934441040699739e-05,-8.62491941490795e-06
bureau_days_credit_enddate_is_missing_loan_2,0.0,3.881344722334035e-06,-2.4497509053467147e-05,-1.6576725115258208e-05,-4.669463918993699e-06,-8.372470673077004e-06
flag_document_6,-3.721751364520465e-05,1.3065813991852693e-05,-3.354172745169137e-05,-6.537189465238846e-06,2.4684052692003355e-05,-7.909312775655763e-06
wallsmaterial_mode,-6.048452650506686e-05,3.416696797708951e-05,-0.0003167913878170836,0.00031466407116678143,-9.009830931328011e-06,-7.490941221921499e-06
organization_type_Trade: type 6,0.0,-3.779707449744762e-05,0.0,4.6436242669756215e-06,0.0,-6.6306900460944005e-06
organization_type_Emergency,-1.1604778198037735e-05,0.0,-1.828828536605265e-05,0.0,0.0,-5.978612712818077e-06
organization_type_Cleaning,0.0,0.0,-2.067576202964272e-05,0.0,-5.843076315148465e-06,-5.3037676689582365e-06
bureau_balance_is_delincuency_sum_loan_2,-3.2610290367762754e-05,-4.5397030106753e-05,-1.4013667208234714e-05,2.5962470444240716e-05,3.965260787521796e-05,-5.281181872658358e-06
bureau_amt_credit_sum_limit_long_limit_loan_2,4.082620781842294e-06,0.0,0.0,0.0,-2.717226802453343e-05,-4.617929448538227e-06
flag_document_5,0.0,8.417193510634746e-06,0.0,-3.8006915495270023e-06,-2.5221958373644605e-05,-4.1210912825073725e-06
bureau_balance_status_score_max_loan_2,-1.8357518620559786e-06,-1.5994309283384744e-05,1.8557367194027562e-07,0.0,0.0,-3.528897494700089e-06
organization_type_Industry: type 11,-5.531522912516351e-06,-6.2188592433898295e-06,0.0,-3.657228826292602e-06,0.0,-3.0815221964397567e-06
organization_type_Industry: type 2,-3.75661780248393e-05,-6.457250037317231e-06,0.0,2.931849892617855e-05,0.0,-2.9409858271955962e-06
organization_type_Transport: type 2,-1.4208519563863043e-05,0.0,0.0,0.0,0.0,-2.8417039127726084e-06
organization_type_Government,4.218196624106163e-05,4.459478084828383e-06,-3.750372534689905e-05,-2.3947568614279823e-05,1.29532828021528e-06,-2.702904271014716e-06
bureau_credit_active_active_loan_1,0.0,0.0,4.5201464006439096e-05,-3.451027927006134e-05,-2.20787616705298e-05,-2.277515386830409e-06
building_score_min,-7.157433776352473e-05,-6.626621700211999e-05,3.10939393447951e-05,-5.3164715765663395e-05,0.0001493528855444959,-2.1116891284034215e-06
organization_type_Security,0.0,0.0,0.0,0.0,-9.064085518928344e-06,-1.812817103785669e-06
bureau_have_amt_credit_sum_overdue_loan_2,0.0,0.0,0.0,0.0,-6.610493179937116e-06,-1.3220986359874232e-06
bureau_days_credit_enddate_first_positive_cluster_loan_1,0.0,0.0,0.0,-5.582198799802818e-06,0.0,-1.1164397599605637e-06
bureau_credit_currency_loan_1,0.0,0.0,-4.899858683082847e-06,0.0,0.0,-9.799717366165694e-07
organization_type_Industry: type 3,0.0,0.0,-3.359240333922209e-06,0.0,-1.25642202997156e-06,-9.231324727787537e-07
bureau_have_amt_credit_sum_overdue_loan_1,-4.6122194917508356e-06,0.0,0.0,0.0,0.0,-9.224438983501671e-07
bureau_amt_credit_max_overdue_is_missing_loan_1,0.0,0.0,0.0,-3.2917914416064063e-06,0.0,-6.583582883212813e-07
organization_type_Industry: type 1,0.0,0.0,-1.058483674731825e-06,0.0,0.0,-2.11696734946365e-07
obs_60_cnt_social_circle,-2.149442742083174e-06,1.732437288963773e-05,1.8584846368785434e-05,-1.0779332230437256e-05,-2.400729809872715e-05,-2.053707625648841e-07
info_of_social_circule_is_missing,0.0,0.0,0.0,0.0,0.0,0.0
flag_cont_mobile,0.0,0.0,0.0,0.0,0.0,0.0
ext_source_1_is_missing,0.0,0.0,0.0,0.0,0.0,0.0
bureau_credit_active_active_loan_2,0.0,0.0,0.0,0.0,0.0,0.0
have_sentinel_value_days_employed,0.0,0.0,0.0,0.0,0.0,0.0
bureau_credit_active_closed_loan_1,0.0,0.0,0.0,0.0,0.0,0.0
bureau_credit_active_closed_loan_2,0.0,0.0,0.0,0.0,0.0,0.0
ext_source_3_is_missing,0.0,0.0,0.0,0.0,0.0,0.0
bureau_cnt_credit_prolong_loan_1,0.0,0.0,0.0,0.0,0.0,0.0
bureau_has_bureau_balance_data_loan_1,0.0,0.0,0.0,0.0,0.0,0.0
bureau_credit_currency_loan_2,0.0,0.0,0.0,0.0,0.0,0.0
bureau_days_enddate_fact_is_missing_loan_1,0.0,0.0,0.0,0.0,0.0,0.0
flag_document_9,0.0,0.0,0.0,0.0,0.0,0.0
bureau_days_credit_enddate_second_positive_cluster_loan_2,0.0,0.0,0.0,0.0,0.0,0.0
bureau_days_credit_enddate_second_positive_cluster_loan_1,0.0,0.0,0.0,0.0,0.0,0.0
organization_type_Electricity,0.0,0.0,0.0,0.0,0.0,0.0
flag_emp_phone,0.0,0.0,0.0,0.0,0.0,0.0
bureau_credit_active_sold_loan_2,0.0,0.0,0.0,0.0,0.0,0.0
client_without_querys,0.0,0.0,0.0,0.0,0.0,0.0
days_credit_max,0.0,0.0,0.0,0.0,0.0,0.0
flag_document_16,0.0,0.0,0.0,0.0,0.0,0.0
flag_document_11,0.0,0.0,0.0,0.0,0.0,0.0
bureau_days_credit_enddate_first_positive_cluster_loan_2,0.0,0.0,0.0,0.0,0.0,0.0
bureau_days_credit_enddate_closed_loan_1,0.0,0.0,0.0,0.0,0.0,0.0
organization_type_Advertising,0.0,0.0,0.0,0.0,0.0,0.0
cnt_credit_prolong_sum,0.0,0.0,0.0,0.0,0.0,0.0
credit_active_sold_sum,0.0,0.0,0.0,0.0,0.0,0.0
ext_source_2_is_missing,0.0,0.0,0.0,0.0,0.0,0.0
organization_type_XNA,0.0,0.0,0.0,0.0,0.0,0.0
bureau_amt_annuity_is_missing_loan_1,0.0,0.0,0.0,0.0,0.0,0.0
organization_type_Other industry,0.0,0.0,0.0,0.0,0.0,0.0
own_car_age_is_missing,0.0,0.0,0.0,0.0,0.0,0.0
bureau_amt_credit_sum_limit_long_limit_loan_1,0.0,0.0,0.0,0.0,0.0,0.0
bureau_amt_credit_sum_overdue_is_missing_loan_1,0.0,0.0,0.0,0.0,0.0,0.0
bureau_amt_credit_sum_overdue_is_missing_loan_2,0.0,0.0,0.0,0.0,0.0,0.0
amt_goods_price_is_missing,0.0,0.0,0.0,0.0,0.0,0.0
bureau_amt_credit_max_overdue_is_missing_loan_2,3.2147069932486615e-06,-3.5432080797970225e-05,2.2004755019011667e-06,-1.832183137606691e-06,3.1939532976532625e-05,1.8090307221107506e-08
bureau_flag_have_credit_day_overdue_loan_2,0.0,0.0,0.0,0.0,5.561095233863611e-07,1.1122190467727223e-07
has_bureau_balance_data_mean,0.0,1.8750078311313701e-06,0.0,0.0,0.0,3.75001566226274e-07
amt_req_credit_breau_week,4.874128179799264e-05,3.2403304349126746e-05,0.0,0.0,-7.745377794690089e-05,7.381616400437002e-07
bureau_amt_credit_sum_debt_is_negative_loan_2,0.0,0.0,0.0,3.994830160269913e-06,0.0,7.989660320539827e-07
organization_type_Kindergarten,1.8221907090776312e-06,8.665326922305817e-05,5.405903811572799e-06,0.0,-8.978634543386211e-05,8.190036619692997e-07
bureau_cnt_credit_prolong_loan_2,-1.8860708769419253e-05,0.0,-2.2452986810539422e-05,0.0,4.587153998507621e-05,9.115688810235057e-07
organization_type_Other trade,0.0,0.0,0.0,0.0,6.007981706401822e-06,1.2015963412803643e-06
education_type_Lower secondary,3.7403801062008137e-05,-8.53481866880612e-05,1.727690885429123e-05,1.5137458540737115e-05,2.4096889555869085e-05,1.713374264968872e-06
flag_live_region_not_work,0.0,-1.850847566517988e-05,2.7742550204834516e-05,2.336800776214787e-06,-1.1957425569475432e-06,2.075026551784376e-06
organization_type_Industry: type 7,0.0,-5.381636485113362e-07,0.0,-1.0627661440909541e-05,2.3393007668737198e-05,2.445436515863264e-06
bureau_has_bureau_balance_data_loan_2,1.23270880286519e-05,0.0,0.0,0.0,0.0,2.46541760573038e-06
bureau_balance_amount_rows_with_activity_loan_1,-2.0177568095025577e-06,0.0001306724148159244,-0.0001577240599651919,-6.812195372114526e-05,0.00010993942618058306,2.5496141001335458e-06
organization_type_Telecom,-7.3230225912768175e-06,0.0,2.129743383056937e-05,0.0,0.0,2.79488224785851e-06
bureau_amt_credit_sum_limit_short_limit_loan_2,0.0,1.5096775081824276e-05,-4.124803104992303e-05,5.263154833201611e-06,3.5264768098652864e-05,2.8753333927511444e-06
bureau_balance_months_balance_min_loan_1,-3.920493629678834e-05,-7.852514239357067e-05,6.154943388376743e-05,3.0625365823278014e-05,4.191523834320421e-05,3.271991871978129e-06
flag_region_not_work,-5.118264620063151e-06,4.828484193963867e-06,1.8833943336105106e-05,-1.828614413135199e-06,0.0,3.3431096993741242e-06
bureau_balance_status_score_mean_loan_1,1.6994265877001703e-05,-2.9713199851344463e-05,6.913939706467697e-05,-4.1145251785512646e-05,4.101575438930638e-06,3.875357348750441e-06
balance_status_score_max_max,7.85404879084517e-06,9.146640790103078e-07,-6.438478546697546e-05,7.30635664805579e-05,6.419888246855798e-06,4.7734764260587425e-06
organization_type_Trade: type 2,0.0,0.0,0.0,2.4090317592717626e-05,0.0,4.8180635185435255e-06
emergencystate_mode,-1.8399629569310073e-05,0.00013995930647743294,-6.384483745620617e-05,-3.064320944554666e-05,0.0,5.41432600127401e-06
organization_type_Restaurant,3.429115958824003e-05,0.0,2.9520488731060723e-06,0.0,-9.150464533602688e-06,5.6185487855486824e-06
bureau_balance_potential_on_going_loan_loan_2,-9.203026636672717e-06,1.0045245609147101e-05,5.664279462402888e-06,1.6591000013610468e-06,2.091871292124736e-05,5.816862271497136e-06
organization_type_Services,0.0,3.199218729130759e-05,0.0,0.0,0.0,6.398437458261519e-06
organization_type_Other,1.603071027211911e-06,1.1411353332402285e-05,0.0,0.0,1.9008380334883947e-05,6.404560938899629e-06
bureau_days_credit_enddate_closed_loan_2,-8.189508890144026e-06,0.0,0.0,0.0,4.2110126533079216e-05,6.784123528587038e-06
bureau_amt_annuity_is_missing_loan_2,1.0400690565282033e-05,0.0,0.0,0.0,2.7102308161452982e-05,7.500599745347003e-06
bureau_balance_status_score_std_loan_2,4.580671967475691e-05,0.0001658728853965119,-6.7260463636587e-05,-8.400277756674957e-05,-2.2909713512975215e-05,7.501330070991403e-06
bureau_amt_credit_sum_limit_is_zero_loan_2,-8.380078776215605e-06,-3.8038320270894485e-05,1.6446109800050123e-05,0.0,7.112740747587943e-05,8.231023645763891e-06
bureau_balance_potential_on_going_loan_loan_1,0.0,0.0,1.813625770430427e-06,-1.2131521928226974e-05,5.585581186560162e-05,9.107583141561016e-06
flag_document_13,-1.8413904467107223e-05,3.712222870211335e-05,0.0,2.7656900817674134e-05,0.0,9.273045010536052e-06
organization_type_Trade: type 3,5.650682622220238e-05,1.812912026055713e-07,-8.971487793694167e-05,0.0,8.043956495809023e-05,9.482560889191304e-06
name_type_suite_is_missing,5.0049219312420236e-05,0.0,0.0,0.0,0.0,1.0009843862484048e-05
organization_type_Insurance,0.0,-1.5375492462110785e-05,0.0,7.010687826569661e-05,0.0,1.0946277160717166e-05
amt_credit_sum_limit_min,5.833829561492365e-05,-5.518675504456727e-05,-4.455195615467033e-05,-1.951378534537085e-06,9.932587247081237e-05,1.1194815670392265e-05
flag_document_18,0.0,0.0,6.332701553717346e-05,0.0,0.0,1.2665403107434692e-05
organization_type_Bank,2.3333034262318363e-05,-3.71564884568576e-05,5.2600500428656716e-05,-4.366691248836041e-06,2.892840336163882e-05,1.2667751669384053e-05
bureau_balance_months_since_delincuency_loan_1,-5.203200262271501e-06,-4.056390657101172e-05,2.5144161925716445e-05,0.00011995303715637285,-3.59889954563597e-05,1.2668219358489275e-05
organization_type_Trade: type 7,0.0,3.65009137746064e-06,2.1453743961918904e-05,0.0,3.909756916598006e-05,1.2840280901071921e-05
bureau_balance_is_delincuency_mean_loan_1,-1.21400868669852e-05,-9.242996350078414e-07,2.3078227335893154e-05,5.715597720148402e-05,2.1491241596116594e-06,1.386378843899916e-05
bureau_amt_credit_sum_limit_is_missing_loan_1,0.0,7.38626038871093e-05,0.0,0.0,-4.008414601042176e-06,1.3970837857213426e-05
flag_document_14,0.0,0.0,6.20840288078961e-05,9.265836187166699e-06,0.0,1.426997299901256e-05
amt_req_credit_breau_mon,-6.564954141559109e-05,5.32453689428003e-07,1.2273914034310885e-05,0.00019064411561611205,-6.552740599112817e-05,1.4454707186626332e-05
organization_type_Housing,0.0,4.1051394332281e-05,3.6742159547165086e-05,0.0,0.0,1.5558710775889218e-05
bureau_amt_credit_sum_limit_is_zero_loan_1,0.0,0.0,-6.513279011288731e-06,0.0001313319150961334,-4.48649746088714e-05,1.599073229519466e-05
amt_req_credit_berau_hour,0.00015390552479332964,0.0,-7.04962261042219e-05,0.0,0.0,1.668185973782155e-05
bureau_days_enddate_fact_is_missing_loan_2,-1.0284350147937715e-05,7.536039754281187e-05,0.0,2.0462352306971355e-05,0.0,1.71076799403691e-05
organization_type_Realtor,-6.969005124881633e-05,8.290860664783573e-06,2.4274463774864864e-05,5.0732273174047823e-05,7.282714659690992e-05,1.728693859235797e-05
bureau_balance_months_since_delincuency_loan_2,8.541028249362537e-05,2.0552997908285243e-05,1.5224178546047184e-06,-2.102692451644295e-06,-1.6493394646777127e-05,1.7777922231618782e-05
organization_type_Police,-5.487948786864205e-05,0.0,-6.992201833861955e-05,0.00010766484822437583,0.000114380449730489,1.9448758349520645e-05
organization_type_Industry: type 9,5.709352452343275e-05,-7.251648102082341e-05,0.00010539692383026988,-1.888997230998779e-05,3.09486728756303e-05,2.0406533579704347e-05
organization_type_Industry: type 12,7.476477743042497e-05,0.0,-2.3784834778894926e-05,5.0228369280369556e-05,1.7857611975147236e-06,2.0598814625882865e-05
bureau_balance_closing_month_loan_1,-6.893705038835129e-06,-8.785485874840403e-06,1.3226406592536932e-05,5.088894017788448e-05,6.0530629855715115e-05,2.17933571424922e-05
bureau_amt_credit_sum_limit_short_limit_loan_1,-3.583713102417452e-05,3.177699320640048e-05,7.619940466325747e-05,4.9569582746267216e-06,3.2473512339148414e-05,2.1913947491851713e-05
bureau_balance_status_score_mean_loan_2,-1.554893247091016e-06,-1.634047555600926e-05,6.037782164378669e-05,3.682923642398528e-05,3.274942547246695e-05,2.241222294742773e-05
balance_months_since_delincuency_max,-0.00014976937314465922,7.802659158673286e-06,0.0001058829841016573,0.00015234278035247684,-2.4253942310092924e-06,2.2766731247427782e-05
bureau_balance_status_0_mean_loan_1,-0.00011257576995329365,0.0001106168970974375,-8.286542508140204e-05,0.00010197201896622321,9.848242779562089e-05,2.312602976491718e-05
have_amt_credit_sum_overdue_sum,7.565124858623928e-05,3.65633664518139e-05,-2.3793399717630947e-05,-2.8319969822243608e-05,5.934559544114037e-05,2.3889368187863798e-05
bureau_credit_active_sold_loan_1,-6.915117385530856e-06,-3.531038729398528e-05,0.0002469125510444092,-0.00012069497497155802,3.618138507954782e-05,2.4034691294576583e-05
flag_own_car,0.0001273781252671302,0.0,2.0819938497873557e-05,0.0,-2.7809045553328637e-05,2.4077803642335025e-05
organization_type_Agriculture,7.339438723819036e-06,0.00011520699049742955,0.0,5.738508930930309e-07,0.0,2.4624056022868328e-05
cnt_children,2.004231343801788e-05,0.0002232108675453759,1.808772305156303e-05,-0.00015001026204559676,3.022337470379721e-05,2.831080333863145e-05
bureau_balance_is_delincuency_sum_loan_1,1.036214834120308e-05,2.088203430348212e-05,4.885226912871854e-05,1.739753174105907e-05,4.495349525184267e-05,2.84894957532611e-05
housetype_mode,6.812409495582372e-05,5.3527298170896743e-05,-2.399610326691004e-05,4.128585952924979e-05,5.290536172375404e-06,2.8846337112287122e-05
bureau_ratio_debt_limit_loan_2,8.018459926733002e-05,-3.1436180020461e-05,3.784667976751699e-05,8.794086500809594e-05,-2.9906770629928304e-05,2.892583867851073e-05
amt_credit_sum_debt_is_negative_mean,1.494581803718198e-05,0.00014324503108746888,9.17911618281142e-06,-3.1712756166069055e-05,1.6936711737947084e-05,3.051878417586806e-05
bureau_balance_is_delincuency_mean_loan_2,-4.110456832684406e-06,8.220199920527804e-06,4.752434675725503e-05,0.00021577685762343978,-0.00011216886140756888,3.1048417212193875e-05
cnt_credit_prolong_max,3.702266128970955e-05,-2.7784304280920048e-05,4.361338162188755e-05,6.352400912734701e-05,4.4620828964347933e-05,3.2199315344474404e-05
organization_type_Hotel,1.4738118273571743e-05,0.0,0.00015634189298203706,0.0,0.0,3.421600225112176e-05
obs_30_cnt_social_circle,-3.631748133650081e-05,-8.274444532228032e-05,1.2779602290136084e-05,8.757649824076008e-05,0.00019383522253515472,3.5025879281453946e-05
balance_months_balance_max_max,3.9388368734027954e-05,8.403168423489759e-05,4.2114160476347526e-05,-6.791282646756436e-06,2.1831046645237608e-05,3.6114795488750846e-05
fondkapremont_mode,0.0001490816799412098,-0.00030326092590062805,1.785397159939084e-05,0.00015855236091237844,0.00016270415430230667,3.698624817093154e-05
bureau_amt_credit_sum_debt_is_missing_loan_1,0.0002569756402757806,0.0,0.0,-5.928436446915875e-05,0.0,3.953825516132437e-05
bureau_ratio_credit_annuity_loan_1,-7.027460831523502e-05,1.7583105412888322e-05,-7.236445335880858e-05,-1.4312726317977643e-05,0.0003398553772577806,4.009733893572953e-05
organization_type_Medicine,3.74587594186071e-05,0.00012029456408719774,1.7250500293286564e-05,3.8563279638914594e-05,0.0,4.27134206876012e-05
bureau_amt_credit_sum_limit_loan_2,7.867038947915184e-05,9.464257267133291e-06,-0.00011927961885069838,0.0003330811874858286,-8.671810572684624e-05,4.304362193091382e-05
ratio_credit_annuity_max,6.204263160412005e-05,0.00031242826529267467,7.311674047492112e-05,-0.00012918818231306696,-0.00010179052989034432,4.33217850336609e-05
bureau_days_credit_enddate_third_positive_cluster_loan_1,6.485835520273487e-05,5.007634161831031e-05,1.521418611665215e-05,0.0001114555473454848,-1.244785848579788e-05,4.5831314359476854e-05
amt_annuity_mean,-3.4680150554411426e-05,9.794328592367396e-05,-0.00011568876829939345,0.00020151552093770065,0.00010331215691103957,5.048040898372186e-05
bureau_balance_closing_month_loan_2,7.754838250901841e-05,6.79995464722527e-05,-3.283083753926608e-05,2.7530211099335843e-05,0.0001158496068540904,5.1219381879086254e-05
bureau_ratio_credit_annuity_loan_2,0.00014951849181499277,-4.7735615245203535e-05,7.448641692286983e-06,0.00010027294925099017,5.233033448226454e-05,5.236696039906619e-05
bureau_balance_status_score_std_loan_1,2.3589268678403385e-07,9.89303951092646e-05,8.44806297719769e-05,3.323338965839362e-05,6.179133514250257e-05,5.573432847378434e-05
region_raiting_client,0.0,7.626114359646775e-05,7.828853596196783e-05,1.3398775984008183e-05,0.00011349988349536044,5.6289667807560847e-05
bureau_balance_raw_length_loan_1,0.00015248624307577784,0.00019782831482588746,5.21026633665933e-05,-0.00010036288110732982,2.8365868952384687e-06,6.097818541123344e-05
flag_document_8,0.0001627374040861662,0.0002137337628702829,-4.581956708278323e-05,6.895489401015364e-05,-9.458502093662169e-05,6.1004294589439554e-05
amt_credit_sum_limit_max,4.01970416965769e-05,-4.32386655534911e-05,0.0001396449018524759,5.176898762959681e-05,0.00012803190341081905,6.32808338071955e-05
flag_own_realty,0.0001391838226522335,-0.00015988099702854975,0.00021369093817684702,0.0001042656381764706,3.920964772206048e-05,6.729380993981237e-05
balance_months_balance_min_min,3.386148516328902e-05,0.000319211339873271,-0.0001632734264999991,-2.009441681507518e-05,0.0001721330305355373,6.83676024514046e-05
cnt_credit_prolong_mean,0.00010611102559456853,7.006405357219414e-05,2.4988208667142688e-06,8.433145708954814e-05,9.07672112684832e-05,7.075451367830164e-05
bureau_flag_have_credit_day_overdue_loan_1,0.0,-9.479781218491024e-05,0.0,0.00035563124360165065,9.840996936609781e-05,7.184868015656764e-05
bureau_balance_months_balance_min_loan_2,0.00010509715097557492,0.00024761273478346446,7.821930270823785e-06,-5.1084506278153977e-05,6.381553097538628e-05,7.46525681454191e-05
building_score_sum,0.00047985497331894946,-0.0003899263287867827,0.0001962031177070056,3.448636881622225e-05,6.188877923740677e-05,7.650138205856028e-05
organization_type_Security Ministries,4.1556368843287395e-05,0.00010510714340408178,0.00011392510467158611,0.0,0.00014147026505930693,8.041177639565244e-05
organization_type_Military,0.00021649452811223213,-2.998299542049665e-05,0.0001861228985980956,3.6728241521766235e-05,1.4416015040463748e-05,8.475573757041221e-05
ext_source_std,0.0005846734069141268,0.000385683829149186,-0.00038533266666225253,0.00011433729234662237,-0.0002636369619944512,8.71449799506463e-05
bureau_balance_status_0_sum_loan_2,0.00019511786859873758,0.00017070850703939655,4.240429777493393e-05,-0.0001593621044921445,0.00020547211771067,9.086813732631872e-05
bureau_days_credit_update_loan_1,-0.00023700755630653436,0.00014842003842643336,0.000752506592656399,-0.00037459044916619,0.00016988646228097704,9.184301757821701e-05
amt_annuity_is_missing_mean,4.198176079883709e-05,0.00015154624105313542,-6.617592827331542e-05,7.441468556097508e-05,0.00026881220716796773,9.411579326151998e-05
bureau_balance_status_0_mean_loan_2,6.689324188968726e-05,0.0002134914464795079,4.305915871329891e-05,0.00016802803809774504,-2.539257477462975e-06,9.778652554055522e-05
amt_annuity_max,-3.470870035005014e-05,3.323410340330124e-05,0.00024705208817079607,2.9379524114436785e-05,0.00021814199168017633,9.861980140373206e-05
organization_type_Transport: type 3,0.00027353095304427644,0.00021663727709060333,-4.65697129642173e-05,2.945268296628001e-06,5.255484853252668e-05,9.981972679996341e-05
amt_annuity_is_missing_sum,-0.00011399933414024677,5.953453205389536e-05,-6.273924661857056e-05,0.0003451459742666474,0.0002884862770159202,0.00010328564051552912
amt_credit_sum_limit_is_zero_sum,6.940383954705532e-05,0.0003814920053988313,-2.169998594954148e-05,0.00013333682449754303,-2.8731730481612593e-05,0.0001067601906024551
amt_req_credit_breau_day,0.00023615320367085247,-6.940062769507094e-05,0.00029136886538365657,3.256817941954537e-06,8.589750508849469e-05,0.00010945515287797748
amt_credit_sum_debt_is_negative_sum,0.00012176559230943073,1.2008044061961876e-05,0.00010113301184579981,8.199073071646357e-05,0.00024097996063972006,0.00011157546791467519
amt_credit_sum_limit_is_missing_mean,-4.45655173077153e-05,9.692120323849807e-05,0.00016599814762507936,0.00027514330275526524,7.600282466511122e-05,0.00011389999219524772
name_type_suite,0.00012627824438868896,0.00022301066210324018,0.0001630261138950706,8.825098716367386e-05,-7.128767267250425e-06,0.00011868744805668463
building_score_std,-0.0004397714170601308,0.00022628603741234877,0.0003495968874128286,-0.0001337183211422177,0.0005986676072698316,0.0001202121587785321
weekday_appr_process_start,-1.9327497928700587e-05,-1.1038421626174966e-05,-0.0001527663879457908,0.0005748305079818827,0.00020971040043309407,0.00012028172018286207
building_score_mean,8.155641694969073e-05,-0.00032525604536304265,0.0001453837676561376,0.0005490004372151524,0.0001639413016760516,0.00012292517562679796
bureau_days_credit_enddate_third_positive_cluster_loan_2,-5.714955349755968e-06,0.00011946091005334835,0.00031388394799984897,6.940098456758026e-05,0.00012380432883072335,0.000124167043220349
has_bureau_balance_data_sum,0.0003640295228725776,3.56094464036838e-05,0.00018147213688228802,8.434323388033516e-05,5.4761439721939805e-06,0.00013418609680221572
housing_type,0.00021702591118426539,-0.00014288244868230216,0.0006297638835899066,-0.00010090140162828387,8.413887118470242e-05,0.00013742896312965766
bureau_amt_credit_sum_limit_loan_1,7.30521465622358e-05,6.769477740333762e-05,-5.716596962994647e-05,0.0004157374853139606,0.00018896480247896364,0.0001376566484257102
credit_active_sold_mean,-1.3945147698657401e-05,0.0002919220176749837,8.821137432215575e-05,0.00031108285617145184,1.235291295731411e-05,0.00013792480268544962
organization_type_Construction,0.00010107912410637355,3.041052861079141e-05,9.928512632055853e-05,0.0003322104187176267,0.0001366940766554192,0.00013993585488215388
amt_income_total,0.00020931068577485502,-0.00011011085196892534,0.00037449659171291395,-4.2432490698107726e-05,0.0002836522646435524,0.00014298323989285765
organization_type_Business Entity Type 3,8.449312030722744e-06,0.00014760458488745077,3.424547991581761e-06,0.00046735373153665715,0.00010270536218077719,0.00014590750772543792
ratio_credit_annuity_min,0.0002004577510077432,9.337032240108734e-05,0.0004853964886599949,-0.0001942292562081338,0.00014774023931405367,0.00014654710903494906
bureau_amt_annuity_loan_1,0.0001033909438113545,9.947748056891026e-05,0.0003108323317143613,0.00019935073268042557,2.9194322228764947e-05,0.00014844916220076333
ratio_credit_annuity_mean,0.00017425581915231358,-4.621533862534388e-05,0.0004238666827606652,0.00014370539654271486,4.692022405423657e-05,0.00014850655677691723
hour_apply_start,0.00018396988713156314,0.00011496003476483275,-0.0002139767930059211,0.0003005647545713419,0.0003806851669098998,0.0001532406100743433
bureau_ratio_debt_limit_loan_1,0.0001300850027698308,4.6111488743649785e-05,0.0003768258981677652,0.00029386126254620225,7.674168648375001e-06,0.00017091156417516464
credit_active_closed_mean,0.000574853347818416,-9.248242375541338e-05,0.00012602629244182762,0.0001713230413912914,7.607885247546964e-05,0.00017115982207431822
organization_type_School,7.11910567565477e-05,0.0002146362932861301,0.00023048285737696793,7.442075239256773e-05,0.0003141761812079702,0.00018098142820403672
id_curr_count,0.0001565945586737838,0.00012402602238221762,0.0003748755902505785,7.84423479861518e-05,0.00017305178914492903,0.00018139806168753213
credit_active_active_mean,9.425144047010558e-05,0.00028715098994478436,0.00028098387720600917,0.00021819217033773873,7.930485881233463e-05,0.00019197666735419448
days_enddate_fact_is_missing_sum,5.6470782105200176e-05,0.00040931164005186815,-3.523437346288905e-05,0.0006638202211087351,-6.513870042568204e-05,0.00020584591387544647
amt_annuity_std,0.0006461821573391146,7.552134701591662e-05,0.00017903005873447507,5.48177489354984e-05,0.00011216065183168311,0.00021354239277133759
bureau_balance_raw_length_loan_2,0.00032634307883336875,1.3883051893093246e-05,0.00014507578673523814,0.0006977930504751706,-0.00011009148180136652,0.00021460069722710088
def_60_cnt_social_circle,0.00023308838310489576,0.00017236225395402815,0.0001986155754417185,0.00022901254289950935,0.000247852089429812,0.00021618616896599275
building_score_max,0.0001250873610365355,-5.9527751477372884e-05,0.00022594129862953948,0.0005685698946622742,0.0002645482249040487,0.00022492380555100503
amt_credit_sum_limit_is_missing_sum,-3.772748437045337e-05,0.00044393290665254435,-2.0514455684028655e-05,0.00021668509799839254,0.0006046770167286386,0.00024141061626501868
name_contract_type,0.0001429159946922276,0.0001287995482195381,0.0003516838774768161,0.00011577227645189758,0.00047500355510328164,0.0002428350503887522
bureau_days_credit_enddate_first_cluster_values_loan_2,0.00028777444610781353,0.00019576809019536957,0.000324186498642498,0.00015272392012486425,0.00025567010412312906,0.0002432246118387349
days_enddate_fact_is_missing_mean,0.0010509711528832399,0.0,0.0002513713153843744,9.184469269449825e-05,-1.810461312485856e-05,0.00027521650956745085
credit_active_closed_sum,0.00020629832545853154,0.00020645427871743838,0.0004909312234244956,0.0003042687336880956,0.00025008687872780656,0.00029160788800327355
amt_credit_sum_debt_mean,0.00016277095009609166,0.0002258099695694016,0.0003146922640899552,0.0004740247481691551,0.00030143777512778855,0.0002957471414104784
organization_type_Self-employed,0.0002657928877983773,0.0003795938008587241,0.00024044637919591328,5.964159378764044e-05,0.0005603924234325097,0.00030117341701463296
balance_is_delincuency_sum_max,-6.664307430510607e-05,0.0006035787247393954,0.00039104976324673136,0.00010541940679429374,0.0004728715639712444,0.0003012552768893118
education_type_Secondary / secondary special,0.00011163255607860023,0.00036657402341240265,0.0006540012326303746,0.0002534458149127117,0.00019413148113882616,0.0003159570216345831
flag_not_live_city,0.00019348232217881735,0.00029866262443429826,0.0004269225815155986,0.00028444232807989245,0.00038450047801139584,0.00031760206684400044
amt_credit_sum_debt_max,0.0001849612787864885,0.0007651873412790166,0.00037911737614335637,-2.8751071737032062e-05,0.00029757070800517926,0.00031961712649540173
bureau_balance_amount_rows_with_activity_loan_2,0.000271768360033664,9.197744924445139e-05,0.00016516627795355455,0.00044941625178487323,0.0006286168535308168,0.00032138903850947203
have_amt_credit_sum_overdue_mean,0.00035922102353569407,0.00013211346575277006,0.0005027501250901567,4.154958826680932e-05,0.0006052752449451137,0.0003281818895181088
region_population,0.0008880981372675123,0.000553965960428382,-0.00041057568225539854,4.1679846709596904e-05,0.0005729916236627108,0.0003292319771625607
amt_credit_sum_limit_std,0.0003654441652483964,-7.106829263510139e-05,0.0004975148063077084,0.000205615985341856,0.0007332925138948232,0.0003461598356315365
amt_credit_sum_std,0.00040704906874435844,0.0005323266427946338,0.00017341145894518296,-0.0001551078280638052,0.0008012924299430013,0.0003517943544726743
bureau_days_enddate_fact_loan_1,0.0007050771739697704,0.0003453872200401387,8.31958889665474e-05,7.959825783869779e-05,0.0005465703533515054,0.00035196577883333196
amt_credit_sum_debt_std,0.00037108346363960986,0.00018407373701334606,0.0011238562831407783,7.170281184420979e-06,0.00011478450363333614,0.00036019365372229827
amt_req_credit_breau_year,0.00020124108602668223,0.0004930035817182876,0.00029146736217871004,0.00048236771221099595,0.0003509172451918952,0.0003637993974653142
bureau_days_credit_enddate_first_cluster_values_loan_1,0.0007528791674899394,0.0002449119241123565,0.00032692870651735985,0.00011108118814959767,0.00042461710538630457,0.0003720836183311116
bureau_balance_status_0_sum_loan_1,0.0007234350494628395,0.00032038545022046173,0.000284818114765395,0.0003994501837523812,0.00015485187355359641,0.00037658813435093475
amt_credit_sum_limit_mean,0.0006291268662738325,0.0004171524845622665,0.00047011235554401677,0.00036862247125224457,3.098972075448181e-05,0.00038320077967736845
days_credit_update_min,0.00034578406220002743,0.0004575251075022546,0.0008991233546133514,-8.348531252009295e-05,0.0003128123208170575,0.0003863519065225196
days_credit_update_max,0.00040875848776058545,0.00013503660795768368,0.0007496548249406709,0.00010315326676235692,0.0005835241524291046,0.0003960254679700803
days_registration,1.0124471292005666e-06,0.0010249758501739592,0.00021186446499832368,0.0002517963504675258,0.0005182758720139846,0.00040158499695659873
name_income_type,0.00014486630260943656,0.00023266870110849602,0.0007499845750807311,0.00016314637990928472,0.0007389357048869672,0.00040592033271898305
bureau_days_credit_loan_2,0.00024664668107214903,0.0005245400428960378,0.00048549105985813413,0.0007145171639105552,0.0002729491194765288,0.000448828813442681
log_amt_credit_sum_std,0.0002693180738196022,0.0007766515117333172,0.0005400850497700116,-2.771043168456888e-05,0.0006912659108716523,0.00044992202290200284
amt_req_credit_breau_qrt,0.000668755410163957,0.0006409350617660569,0.00026599345011306673,0.0003383511228954861,0.0003603297022736207,0.0004548729494424374
balance_is_delincuency_mean_mean,0.00037214266105929373,0.0005970322565904907,0.0006109138809938352,0.0001362806653043114,0.000574362622815161,0.00045814641735261844
bureau_days_enddate_fact_loan_2,0.0014917764294193336,7.707231466613784e-05,0.0009938355174112124,-0.00017870173608409702,4.0398251517337334e-05,0.00048487615538598476
flag_document_3,0.0007253214772122262,0.0002676489813898897,0.00034418741487682867,0.00028346485445032157,0.0009260679872804322,0.0005093381430419398
bureau_amt_credit_max_overdue_loan_2,0.0001361314926218604,0.0006840673793307328,0.00041689910512556774,0.0009351635460592034,0.00038156501926891464,0.0005107653084812558
ratio_annuity_income,-0.00019080042574741717,0.0005735554027324951,0.000500744145071308,0.00038220896214273824,0.0013060499861792918,0.0005143516140756832
bureau_amt_credit_sum_loan_2,0.0008190847161762882,0.00017190902594768075,0.0008016786194966485,0.00042879758934666334,0.00035624347517191344,0.0005155426852278389
ratio_debt_income,0.0011698107480081267,0.00022629281798880463,0.0003572136160271411,0.00022080483351472058,0.0006701872896919259,0.0005288618610461437
bureau_amt_credit_sum_debt_loan_1,0.0009765639616435618,0.0005224559078115476,0.0008413374975447141,-0.0001825481073068458,0.0004897679417065204,0.0005295154402798995
days_credit_mean,0.00079346769825972,0.00040334544650015846,0.000926372350225213,0.0008418888654737388,-0.0002867001588803264,0.0005356748403157008
def_30_cnt_social_circle,0.0002530718125893339,0.0005960776227975862,0.0008645563326243888,0.0005752366288254374,0.00041714889000818987,0.0005412182573689872
bureau_days_credit_loan_1,0.0009658838399531078,0.0007740381348114944,0.0005284670672915049,0.00040295038870243884,0.00017164830862756997,0.0005685975478772231
days_credit_min,0.00023858493251769364,0.0004142503978316281,0.0006249821496863816,0.0003551715918912679,0.0012225778753217175,0.0005711133894497377
bureau_amt_credit_sum_debt_is_missing_loan_2,0.00031663472081326914,0.0006022914858267337,0.000842500187973716,0.0006302538694582082,0.00046589949251962803,0.000571515951318311
bureau_completetitud_ratio_loan_1,0.0005888520263840569,0.0009359754308738033,0.0006408651147666644,0.00019968833401429187,0.0006687641775803943,0.0006068290167238422
credit_active_active_sum,0.00043652994463339034,0.00044984663995475407,0.0009045595925827543,0.00018574068820846889,0.0010661661823730296,0.0006085686095504795
bureau_amt_credit_sum_debt_loan_2,0.0007632548769840319,0.00031472937882432995,0.00024442907569293125,0.0006527264842533409,0.0010763564075238151,0.0006102992446556898
days_credit_update_mean,0.0010290920169657492,0.0002477201533897189,0.0004356284848349157,0.001050723483405669,0.0003545929935053982,0.0006235514264202901
ratio_days_employed_days_lived,9.395131074305674e-05,-9.050213855272826e-05,0.000927242048376109,0.0008818446613967801,0.0014105985765879626,0.0006446268917102361
bureau_completetitud_ratio_loan_2,0.00043316749244746153,0.0011197554618641802,0.001134871508058044,0.00022671820994439872,0.0003331367318406553,0.0006495298808309479
bureau_days_credit_update_loan_2,0.0014208333990126886,0.0003048879073818345,0.0008962994229483545,0.0004897867334902495,0.00041111699345055543,0.0007045848912567365
amt_credit_sum_debt_sum,-8.258278210431236e-05,0.0011633913264501139,0.0007967669840227787,0.0005844774839413924,0.0013363568843931307,0.0007596819793406207
amt_credit_sum_sum,0.0007061670624197048,0.0004406025729868368,0.0011607486859876559,0.0007932300212108335,0.0007021746523708349,0.0007605845989951731
amt_credit_sum_max,0.0006358003810133627,0.0014672407350141193,0.000580376305792285,0.0006536104573019452,0.000615551849110485,0.0007905159456464394
days_enddate_fact_max,0.0010913876711340365,0.0014580416339743385,0.00024462071619644197,0.0008415227143441228,0.00042001296113538535,0.000811117139356865
log_amt_credit_sum_mean,0.0014344548634028786,0.0006107425822198254,0.0005475422564009014,0.000472496620355467,0.0010258136189294832,0.0008182099882617109
bureau_amt_credit_sum_loan_1,0.0005660675050711105,0.000829884747008669,0.001067654582859845,0.0006770191485227839,0.0010218830168291283,0.0008325018000583074
days_employed,0.001166161013503153,0.00018608435637392783,0.0009562043886011118,0.0011024235946532456,0.0009309412628411451,0.0008683629231945166
amt_credit,0.0005986770816939879,0.0015682295703917104,0.0007207285288326926,0.0003652575209592612,0.0013066114497738645,0.0009119008303303033
days_last_phone_change,0.0006639983004591565,0.0014878144315242149,0.0009199111745910483,0.0007383944286529998,0.0007849507339789064,0.0009190138138412652
amt_credit_sum_mean,0.0014442217485041375,0.0006542064342867304,0.0004864199988349416,0.0001606532690017426,0.002243069547528109,0.0009977141996311322
bureau_credit_type_loan_2,0.0007191793455446404,0.0006968466247484706,0.0005665428591691945,0.0027262703082592933,0.0006324457282792073,0.0010682569732001614
bureau_amt_credit_max_overdue_loan_1,0.0009217569188814334,0.0006965878922251312,0.0012688439223818015,0.0012439153114135015,0.0012200989403793106,0.0010702405970562357
ratio_debt_age,0.0010889223962772033,0.001953273527245214,0.00047030720789951184,0.0008545043064387192,0.0011696757260405422,0.001107336632780238
region_raiting_client_city,0.0010631333658418062,0.0011666502856266582,0.001140681391478404,0.000792955586299815,0.001790518825199583,0.0011907878908892532
family_status,0.0010464367315847101,0.0012728351838175334,0.0007850312336371345,0.0016256035966575766,0.0013705954555215173,0.0012201004402436944
education_type_Higher education,0.0010744080370272524,0.0011185420955478254,0.0020223080038107356,0.0011199692284592278,0.0012755785395121232,0.001322161180871433
ext_1_x_3,0.0008601560953654496,0.002505734199696419,0.0006158333676615557,0.0010970598017903343,0.0015687956737962193,0.0013295158276619957
ext_1_x_2,0.0014511165241602563,0.0017817931051051562,0.0007818440058221521,0.0016162488992314428,0.0015547715767638692,0.0014371548222165752
bureau_credit_type_loan_1,0.001335368871907261,0.0009242036363711126,0.0026406255605686104,0.0012121997002677797,0.0012831491961182938,0.0014791093930466115
ext_source_2,0.0014165844756710566,0.001648713228768761,0.0008103185014135539,0.0011224430682547526,0.0024840566469293444,0.0014964231842074936
kui_ratio,0.0018278696203490208,0.0016124846086713828,0.0012941272645613732,0.0007025344577922699,0.0022482565716583024,0.0015370545046064696
bureau_days_credit_enddate_loan_2,0.0012448510309668536,0.0017722396297265909,0.0007612092841237983,0.0027382537281224416,0.0013350512049086882,0.0015703209755696744
days_id_publish,0.0007654146690270425,0.0017134059951566139,0.002131483136226331,0.0014703794281764049,0.002424034653832807,0.0017009435764838402
bureau_days_credit_enddate_loan_1,0.002431470471180042,0.0016850050152891426,0.0030068230835505138,0.0009409584408367922,0.0008595550752596104,0.0017847624172232204
occupation_type,0.0027430215440006124,0.0017658719546731483,0.0015042120066715904,0.002368508536155134,0.0012525813761703696,0.001926839083534171
documents_count,0.0024280548449997275,0.0018766390950703427,0.002061295961660403,0.0017593586756617708,0.0015135577217412876,0.0019277812598267063
completetitud_ratio_mean,0.003253920851394243,0.0020649667516396074,0.0013246587729313975,0.001755519441888076,0.0022656366004874416,0.0021329404836681527
ext_2_x_3,0.002938976635357582,0.0021417910399556205,0.002172495631461957,0.0035573270243804966,0.002070360418936756,0.0025761901500184828
ext_source_3,0.001935725752204398,0.0012955190671006366,0.0036454994996059976,0.003023218517463144,0.003427776649853409,0.0026655478972455173
own_car_age,0.0016761435155832282,0.002640231216515754,0.002805455664677958,0.003158928543726369,0.0031095317315094073,0.0026780581344025434
ext_source_1,0.001795321782659287,0.003096754939934598,0.003265466745638812,0.003647756004081826,0.0025664954220549372,0.002874358978873892
amt_annuity,0.002894835439388155,0.0046184508414789825,0.003698401914123983,0.003954305152699611,0.002689846796466444,0.0035711680288314355
ratio_good_credit,0.003399779259403446,0.004555268002410129,0.003093386420917099,0.0034886704757352894,0.003378864354393274,0.0035831937025718476
code_gender,0.0025301978058675178,0.00414645241505811,0.004209285162257581,0.004278632615958266,0.004284285615566752,0.0038897707229416456
amt_goods_price,0.00245175617162634,0.00821033418167505,0.0064702930115136505,0.0037018603649977997,0.004645503379775251,0.005095949421917619
completetitud_ratio_min,0.008319447932029966,0.005404416724052075,0.004413454029831043,0.0034125656422700824,0.005016489468327845,0.0053132747593022025
days_birth,0.004321093299579526,0.0067262558477877874,0.005576325036254781,0.004924568174437205,0.005912134909457611,0.005492075453503382
credit_duration,0.014546032393319041,0.016020364540707033,0.014977735281248327,0.015854091958171047,0.014483782946812207,0.015176401424051533
ext_source_mean,0.06971994502608363,0.06394085969779977,0.06805322437056391,0.06928783494669362,0.06454735790152386,0.06710984438853296
